Feature\Product;0;1;2;3;4;5;6;7;8;9;10;11;12;13;14;15;16;17;18;19;20;21;22;23;24;25;26;27;28;29;
ENABLE_FEATURE_XARGS_SUPPORT_TERMOPT;-;X;X;-;-;-;-;-;X;X;-;X;X;X;-;X;-;-;-;X;X;-;-;-;-;-;-;-;-;-;
ENABLE_XARGS;-;X;X;X;-;X;-;-;X;X;-;X;X;X;-;X;-;-;X;X;X;-;-;-;-;-;-;-;-;-;
ENABLE_MKFS_EXT2;-;X;-;X;-;X;-;-;X;-;X;X;X;X;-;-;-;-;-;-;-;-;-;-;-;-;-;-;-;-;
ENABLE_PLATFORM_LINUX;-;X;X;X;X;X;X;-;X;X;X;X;X;X;-;X;X;X;X;X;-;X;X;X;X;X;-;-;X;-;
ENABLE_LONG_OPTS;-;X;X;-;X;X;X;X;X;X;X;-;-;X;-;X;-;X;X;-;X;X;X;X;X;-;X;-;-;-;
ENABLE_FEATURE_TAR_LONG_OPTIONS;-;X;X;-;-;-;X;X;-;-;X;-;-;X;-;X;-;-;-;-;X;-;-;-;X;-;-;-;-;-;
ENABLE_DEVFSD_MODLOAD;-;-;X;-;X;X;-;-;-;-;X;X;X;X;-;-;X;-;-;-;-;X;-;X;-;-;-;-;-;-;
ENABLE_DEVFSD;-;X;X;-;X;X;X;-;-;-;X;X;X;X;-;-;X;-;-;X;-;X;X;X;-;-;-;-;-;-;
ENABLE_FEATURE_HTTPD_CGI;-;X;X;X;-;-;-;X;-;X;-;X;-;-;-;X;X;X;-;-;-;-;-;-;-;-;-;-;-;-;
ENABLE_HTTPD;-;X;X;X;X;X;-;X;-;X;X;X;-;-;-;X;X;X;-;X;-;-;-;-;-;-;X;-;-;-;
ENABLE_FEATURE_AR_LONG_FILENAMES;-;X;X;-;X;-;-;X;X;-;X;-;X;-;-;-;X;X;-;-;-;-;-;-;-;-;-;-;-;-;
ENABLE_AR;X;X;X;X;X;X;X;X;X;X;X;X;X;X;X;X;X;X;X;X;X;X;X;X;X;X;X;X;X;X;
ENABLE_FEATURE_HTTPD_GZIP;-;X;X;-;-;X;-;X;-;X;X;-;-;-;-;X;X;X;-;-;-;-;-;-;-;-;-;-;-;-;
ENABLE_FEATURE_TELNETD_INETD_WAIT;-;X;X;-;X;-;-;X;X;-;X;-;-;-;X;-;X;X;-;-;-;-;-;-;-;-;-;-;-;-;
ENABLE_FEATURE_TELNETD_STANDALONE;-;X;X;-;X;-;-;X;X;-;X;-;-;-;X;-;X;X;X;-;-;-;-;-;-;-;-;-;-;-;
ENABLE_FEATURE_IFCONFIG_BROADCAST_PLUS;-;-;X;X;X;-;X;-;-;-;X;X;-;-;-;X;-;X;-;-;-;X;-;-;-;-;-;-;-;-;
ENABLE_IFCONFIG;-;X;X;X;X;-;X;-;X;-;X;X;X;-;-;X;-;X;-;-;-;X;X;-;X;-;-;-;-;-;
ENABLE_HUSH_INTERACTIVE;-;X;X;X;-;-;-;X;X;X;-;-;X;-;X;-;X;-;-;X;-;-;X;-;X;-;-;-;-;-;
ENABLE_HUSH;X;X;X;X;X;X;-;X;X;X;X;-;X;-;X;X;X;-;X;X;-;-;X;-;X;-;X;-;-;-;
ENABLE_DEVFSD_VERBOSE;-;-;X;-;X;X;X;-;-;-;X;-;X;X;-;-;X;-;-;-;-;X;X;X;-;-;-;-;-;-;
ENABLE_FEATURE_IPCALC_FANCY;-;X;X;-;X;-;X;X;-;-;X;-;X;X;-;-;-;-;-;-;-;-;-;-;-;-;-;-;-;-;
ENABLE_IPCALC;-;X;X;-;X;X;X;X;-;-;X;-;X;X;-;-;-;-;X;-;-;-;-;-;-;-;-;-;-;-;
ENABLE_FEATURE_BUFFERS_USE_MALLOC;-;-;X;X;-;X;X;-;-;-;-;-;X;-;-;-;-;X;-;-;-;X;X;-;-;X;-;X;X;X;
ENABLE_FEATURE_BUFFERS_GO_ON_STACK;X;-;-;-;-;-;-;X;-;X;-;X;-;X;-;-;-;-;X;X;-;-;-;-;X;-;-;-;-;-;
ENABLE_FEATURE_CHAT_VAR_ABORT_LEN;-;X;-;X;X;-;-;X;X;X;-;-;-;X;-;-;-;-;X;-;-;-;-;-;-;-;-;-;-;-;
ENABLE_CHAT;-;X;X;X;X;-;-;X;X;X;-;X;X;X;-;X;-;-;X;-;X;-;-;X;-;-;-;-;-;-;
ENABLE_FEATURE_FTPGETPUT_LONG_OPTIONS;-;X;-;-;X;X;-;-;X;-;X;-;-;X;-;X;-;-;X;-;X;-;-;-;-;-;-;-;-;-;
ENABLE_FEATURE_FDISK_WRITABLE;-;X;X;X;X;X;-;-;-;X;-;X;X;X;-;-;-;X;-;X;-;X;X;X;-;-;-;-;-;-;
ENABLE_FEATURE_FDISK_ADVANCED;-;X;-;X;X;-;-;-;-;X;-;X;X;X;-;-;-;X;-;X;-;X;-;-;-;-;-;-;-;-;
ENABLE_FEATURE_2_4_MODULES;-;X;X;X;-;X;-;X;-;X;-;-;X;X;-;X;-;X;X;-;X;-;X;-;-;-;-;-;-;-;
ENABLE_FEATURE_INSMOD_VERSION_CHECKING;-;X;X;-;-;-;-;X;-;X;-;-;X;X;-;X;-;X;X;-;-;-;-;-;-;-;-;-;-;-;
ENABLE_SELINUX;-;X;X;X;X;X;X;-;-;-;X;X;X;X;-;X;X;-;X;X;-;X;X;-;X;-;-;-;-;-;
ENABLE_MORE;-;X;X;-;X;X;-;-;-;X;X;X;-;-;X;-;X;-;-;-;X;X;-;-;-;-;-;-;-;-;
ENABLE_TELNET;-;X;X;X;-;-;X;X;X;-;X;-;X;-;-;X;X;-;-;-;X;-;-;X;-;-;-;-;-;-;
ENABLE_LS;-;X;X;X;X;-;X;X;-;X;X;X;-;-;X;-;X;X;X;X;X;-;X;-;-;-;-;-;-;-;
ENABLE_FEATURE_AUTOWIDTH;-;X;X;-;X;-;-;X;-;X;-;X;-;-;X;-;X;-;-;-;-;X;-;-;-;-;-;-;-;-;
ENABLE_FEATURE_BUFFERS_GO_IN_BSS;-;X;-;-;X;-;-;-;X;-;X;-;-;-;X;X;X;-;-;-;X;-;-;X;-;-;X;-;-;-;
ENABLE_SWITCH_ROOT;-;X;-;X;X;-;X;-;-;-;-;X;X;X;-;X;X;X;-;-;-;-;-;-;-;-;-;-;-;-;
ENABLE_FEATURE_INSMOD_KSYMOOPS_SYMBOLS;-;-;X;X;-;X;-;X;-;-;-;-;X;X;-;X;-;-;X;-;-;-;-;-;-;-;-;-;-;-;
ENABLE_PIVOT_ROOT;-;X;X;-;-;-;X;-;-;X;X;X;X;-;-;-;X;-;-;-;-;X;-;-;-;-;-;-;-;-;
ENABLE_FEATURE_FBSET_FANCY;-;X;X;-;-;X;-;-;X;X;-;-;X;-;-;X;X;-;X;-;-;X;-;-;-;-;-;-;-;-;
ENABLE_FBSET;-;X;X;X;-;X;-;-;X;X;-;-;X;X;-;X;X;-;X;-;-;X;-;X;-;-;-;-;-;-;
ENABLE_FEATURE_PS_UNUSUAL_SYSTEMS;-;-;X;-;X;-;X;-;-;X;-;X;X;-;-;-;-;X;-;-;-;X;-;-;-;-;-;-;-;-;
ENABLE_FEATURE_PS_TIME;-;-;X;X;X;-;X;-;-;X;-;X;X;-;-;-;-;X;-;-;-;X;-;-;-;-;-;-;-;-;
ENABLE_FEATURE_UNEXPAND_LONG_OPTIONS;-;X;-;-;X;X;X;-;-;X;-;-;-;X;-;X;-;X;-;-;X;-;X;-;-;-;-;-;-;-;
ENABLE_NO_DEBUG_LIB;-;-;X;X;-;-;-;-;X;X;-;-;-;-;X;-;X;-;X;-;-;X;-;-;X;-;X;X;X;X;
ENABLE_EFENCE;X;X;-;-;X;-;-;-;-;-;-;X;X;X;-;-;-;-;-;X;X;-;-;-;-;-;-;-;-;-;
ENABLE_FEATURE_SORT_BIG;-;X;-;X;-;-;-;X;X;-;X;X;-;X;-;-;X;-;X;-;-;-;-;-;-;-;-;-;-;-;
ENABLE_SORT;-;X;X;X;-;-;-;X;X;-;X;X;-;X;-;-;X;-;X;-;-;-;-;-;-;-;-;-;-;-;
ENABLE_MATCHPATHCON;-;X;X;-;X;X;-;-;-;-;X;X;-;X;-;-;X;-;X;-;-;X;-;-;-;-;-;-;-;-;
ENABLE_FEATURE_HDPARM_HDIO_TRISTATE_HWIF;-;X;-;X;X;-;X;-;-;-;X;-;-;X;-;-;-;X;-;X;-;X;X;-;X;-;-;-;-;-;
ENABLE_HDPARM;-;X;X;X;X;-;X;-;X;-;X;-;X;X;-;-;-;X;-;X;-;X;X;-;X;-;-;-;-;-;
ENABLE_MKFS_REISER;-;-;-;X;X;X;-;-;X;X;X;-;X;X;-;-;-;-;-;-;-;-;-;-;-;-;-;-;-;-;
ENABLE_KBD_MODE;-;-;X;X;-;-;X;-;X;X;X;-;X;-;-;-;X;-;-;-;-;-;-;-;-;-;-;-;-;-;
ENABLE_ASH_BUILTIN_ECHO;-;-;X;X;X;-;-;-;-;X;-;X;X;-;-;-;X;X;X;-;X;-;-;X;-;-;-;-;-;-;
ENABLE_ASH;-;-;X;X;X;X;-;-;X;X;-;X;X;-;-;-;X;X;X;-;X;X;-;X;-;-;-;-;-;-;
ENABLE_FEATURE_IP_SHORT_FORMS;-;X;X;X;-;-;X;-;X;-;X;X;X;-;-;-;X;X;X;X;-;-;-;X;-;-;-;-;-;-;
ENABLE_IP;-;X;X;X;X;X;X;-;X;-;X;X;X;-;-;-;X;X;X;X;-;-;-;X;X;-;-;-;-;-;
ENABLE_FEATURE_RUNSVDIR_LOG;-;X;-;-;-;X;-;X;X;X;X;-;-;X;-;X;-;-;-;X;-;-;-;-;-;-;-;-;-;-;
ENABLE_RUNSVDIR;-;X;X;-;-;X;-;X;X;X;X;-;-;X;-;X;-;-;-;X;-;-;-;-;-;-;-;-;-;-;
ENABLE_ARPING;-;X;-;X;-;X;-;-;X;X;-;-;X;X;-;X;X;X;-;-;-;-;-;-;-;-;-;-;-;-;
ENABLE_UNICODE_WIDE_WCHARS;-;X;-;X;-;-;-;X;X;X;-;-;-;-;-;X;X;-;-;-;X;-;-;-;-;-;-;-;-;-;
ENABLE_UNICODE_SUPPORT;-;X;X;X;-;X;-;X;X;X;X;-;X;-;X;X;X;-;-;X;X;X;X;X;-;X;X;X;-;-;
ENABLE_FEATURE_SH_IS_ASH;-;X;X;-;-;-;-;-;X;X;-;X;-;X;-;-;X;-;-;-;X;-;-;X;-;-;X;-;X;-;
ENABLE_NOMMU;-;-;-;-;-;-;X;X;-;-;X;-;-;-;X;X;-;-;-;X;-;-;X;-;-;X;-;-;-;-;
ENABLE_INSTALL_APPLET_HARDLINKS;X;-;-;-;-;X;-;-;-;-;-;-;-;X;-;-;X;X;-;-;-;-;-;X;-;X;-;-;-;-;
ENABLE_INSTALL_APPLET_SCRIPT_WRAPPERS;-;-;X;-;-;-;-;X;-;X;-;-;X;-;-;-;-;-;X;-;-;-;-;-;X;-;X;-;-;X;
ENABLE_HUSH_JOB;-;X;X;-;-;-;-;X;X;X;-;-;X;-;X;-;X;-;-;X;-;-;X;-;X;-;-;-;-;-;
ENABLE_FDFLUSH;-;X;-;X;-;-;X;-;X;X;-;X;X;X;-;-;-;-;X;-;-;-;-;-;-;-;-;-;-;-;
ENABLE_FEATURE_FLOAT_SLEEP;-;-;-;X;-;X;X;X;-;X;-;-;-;X;X;-;-;-;X;X;X;-;-;-;-;-;-;-;-;-;
ENABLE_FEATURE_FANCY_SLEEP;-;-;X;X;-;X;X;X;-;X;-;-;-;X;X;-;-;-;X;X;X;-;-;-;-;-;-;-;-;-;
ENABLE_FEATURE_LESS_DASHCMD;-;X;X;X;-;X;X;X;-;-;X;-;-;-;-;X;-;-;X;-;-;X;-;-;-;-;-;-;-;-;
ENABLE_LESS;-;X;X;X;-;X;X;X;-;-;X;X;X;-;X;X;-;-;X;-;-;X;-;-;-;-;-;-;-;-;
ENABLE_SETLOGCONS;-;X;X;-;X;X;-;-;X;X;-;-;X;-;-;X;X;X;-;-;-;-;-;-;-;-;-;-;-;-;
ENABLE_FEATURE_MODPROBE_BLACKLIST;-;X;X;-;-;X;-;X;-;-;-;-;X;-;-;X;X;X;-;-;-;-;-;-;-;-;-;-;-;-;
ENABLE_MODPROBE;-;X;X;-;-;X;-;X;-;X;-;-;X;-;-;X;X;X;-;-;X;-;-;-;-;-;-;-;-;-;
ENABLE_FEATURE_UDHCPD_WRITE_LEASES_EARLY;-;-;X;X;X;-;-;-;X;X;-;-;X;X;-;X;X;-;-;-;-;-;-;-;-;-;-;-;-;-;
ENABLE_UDHCPD;-;-;X;X;X;X;-;-;X;X;-;X;X;X;-;X;X;-;-;-;-;X;-;-;-;-;-;-;-;-;
ENABLE_FEATURE_HDPARM_HDIO_GETSET_DMA;-;X;-;X;X;-;-;-;X;-;X;-;X;X;-;-;-;X;-;X;-;-;-;-;-;-;-;-;-;-;
ENABLE_DUMPLEASES;-;-;X;X;X;-;-;-;X;X;-;X;X;-;-;X;X;-;-;-;-;-;-;-;-;-;-;-;-;-;
ENABLE_FEATURE_DIFF_LONG_OPTIONS;-;-;X;-;X;-;X;X;-;X;X;-;-;X;-;-;-;-;X;-;-;-;-;-;-;-;-;-;-;-;
ENABLE_FDISK;-;X;X;X;X;X;-;-;-;X;-;X;X;X;-;-;-;X;X;X;-;X;X;X;-;-;-;-;-;-;
ENABLE_FEATURE_AIX_LABEL;-;-;X;X;-;X;-;-;-;X;-;-;X;X;-;-;-;X;-;X;-;X;X;X;-;-;-;-;-;-;
ENABLE_STATIC;-;-;-;-;-;X;X;-;-;X;-;-;X;-;-;-;X;-;-;-;X;X;-;-;X;-;-;-;-;-;
ENABLE_BUILD_LIBBUSYBOX;-;-;X;X;X;-;-;X;-;-;X;-;-;X;-;X;-;-;-;X;-;-;-;X;-;-;X;-;-;-;
ENABLE_INSMOD;-;X;-;X;-;X;-;X;-;X;-;-;X;X;-;-;X;X;X;-;X;-;X;-;-;-;-;-;-;-;
ENABLE_MODPROBE_SMALL;-;-;-;-;X;-;X;-;X;-;X;X;-;-;X;-;-;-;-;X;-;X;-;X;X;X;-;-;-;-;
ENABLE_FEATURE_INSMOD_TRY_MMAP;-;X;-;X;-;X;X;-;-;X;-;X;X;-;X;-;-;-;-;-;-;-;-;-;-;-;-;-;-;-;
ENABLE_FEATURE_MOUNT_LABEL;-;X;X;-;-;X;X;-;-;X;-;-;-;X;-;X;-;-;-;X;-;-;-;-;-;-;-;-;-;-;
ENABLE_MOUNT;-;X;X;X;X;X;X;-;-;X;X;-;X;X;-;X;-;X;-;X;-;X;-;-;-;-;-;-;X;-;
ENABLE_FEATURE_DMESG_PRETTY;-;-;X;-;X;X;X;-;-;-;-;X;-;X;-;-;X;X;-;-;-;X;X;-;-;-;-;-;-;-;
ENABLE_DMESG;-;-;X;X;X;X;X;-;-;-;X;X;-;X;-;-;X;X;-;-;-;X;X;-;-;-;-;-;-;-;
ENABLE_FEATURE_WGET_LONG_OPTIONS;-;X;X;-;X;-;-;-;X;-;X;-;-;-;-;X;-;-;X;-;-;X;-;X;-;-;X;-;-;-;
ENABLE_FEATURE_AR_CREATE;-;X;X;-;X;-;X;-;-;X;-;-;X;X;X;-;-;X;-;-;-;-;-;-;-;-;-;-;-;-;
ENABLE_FEATURE_LSMOD_PRETTY_2_6_OUTPUT;-;X;-;X;-;X;-;X;-;X;-;-;X;X;-;-;X;-;X;-;-;-;X;-;-;-;X;-;-;-;
ENABLE_LSMOD;-;X;X;X;-;X;-;X;-;X;-;-;X;X;-;-;X;-;X;-;-;-;X;-;-;-;X;-;-;-;
ENABLE_GZIP;-;X;X;-;X;-;-;X;X;X;-;-;-;X;X;X;-;X;-;-;X;-;-;-;-;-;-;-;-;-;
ENABLE_FEATURE_GZIP_LONG_OPTIONS;-;-;X;-;X;-;-;X;X;X;-;-;-;X;-;X;-;X;-;-;X;-;-;-;-;-;-;-;-;-;
ENABLE_FEATURE_BASH_IS_ASH;-;-;-;X;-;-;-;-;X;X;-;-;-;X;-;-;X;X;-;-;-;X;-;X;X;-;-;X;X;X;
ENABLE_FEATURE_BASH_IS_NONE;-;X;X;-;-;X;X;-;-;-;-;X;-;-;-;X;-;-;-;-;X;-;X;-;-;X;-;-;-;-;
ENABLE_GETENFORCE;-;-;X;X;-;X;X;-;-;-;X;-;X;X;-;-;X;-;X;-;-;-;-;-;-;-;-;-;-;-;
ENABLE_FEATURE_HWCLOCK_LONG_OPTIONS;-;X;X;-;-;-;X;-;X;X;-;-;-;-;-;X;-;X;X;-;-;X;-;-;-;-;-;-;-;-;
ENABLE_FEATURE_IP_TUNNEL;-;X;X;X;-;-;-;-;X;-;X;X;-;-;-;-;X;X;X;-;-;-;-;-;X;-;-;-;-;-;
ENABLE_IPTUNNEL;-;X;-;X;-;-;-;-;X;-;X;X;-;-;-;-;X;X;X;-;-;-;-;-;-;-;-;-;-;-;
ENABLE_IONICE;-;X;X;-;-;X;-;-;-;X;X;X;X;-;-;X;-;X;-;-;-;-;-;-;-;-;-;-;-;-;
ENABLE_FEATURE_VI_WIN_RESIZE;-;-;X;X;-;X;-;X;-;-;-;X;-;-;X;X;X;-;-;-;-;X;-;-;-;-;-;-;-;-;
ENABLE_VI;-;X;X;X;X;X;X;X;-;-;-;X;-;X;X;X;X;-;-;X;-;X;-;-;-;-;-;-;-;-;
ENABLE_FEATURE_EJECT_SCSI;-;X;-;-;-;X;X;-;X;-;X;X;-;-;-;X;-;X;X;-;-;-;-;-;-;-;-;-;-;-;
ENABLE_EJECT;-;X;-;X;-;X;X;-;X;-;X;X;-;-;-;X;-;X;X;-;-;-;-;-;-;-;-;-;-;-;
ENABLE_FEATURE_LESS_FLAGS;-;-;X;X;-;X;X;-;-;-;X;X;X;-;X;-;-;-;-;-;-;-;-;-;-;-;-;-;-;-;
ENABLE_FEATURE_IFUPDOWN_IP;-;-;X;X;X;-;X;-;X;-;-;-;-;-;X;X;-;-;X;-;-;X;X;X;-;-;-;-;X;-;
ENABLE_FEATURE_IFUPDOWN_IFCONFIG_BUILTIN;-;X;-;-;-;-;-;X;-;-;X;-;X;-;-;-;-;X;-;X;-;-;-;-;X;-;-;-;-;-;
ENABLE_PAM;-;X;X;-;-;X;-;-;-;X;X;-;X;-;-;-;X;X;-;X;X;-;-;-;-;-;-;-;-;-;
ENABLE_LOGIN;-;X;X;X;X;X;-;-;-;X;X;X;X;X;-;-;X;X;X;X;X;-;-;-;-;-;-;-;-;-;
ENABLE_FGCONSOLE;-;X;X;-;-;X;-;-;X;X;X;-;X;X;-;-;-;-;X;-;-;-;-;-;-;-;-;-;-;-;
ENABLE_UBIDETACH;-;X;-;X;X;-;-;-;X;-;-;X;X;X;-;X;X;-;-;-;-;-;-;-;-;-;-;-;-;-;
ENABLE_FEATURE_LS_COLOR;-;X;-;-;X;-;X;X;-;X;X;-;-;-;-;-;-;X;X;-;-;-;X;-;-;-;-;-;-;-;
ENABLE_FEATURE_RUN_PARTS_LONG_OPTIONS;-;X;-;-;X;X;-;X;X;-;-;-;-;X;-;-;-;X;-;-;X;-;-;-;-;-;-;-;-;-;
ENABLE_TUNCTL;-;X;-;X;X;X;-;-;X;-;X;-;X;X;-;-;X;-;X;X;-;-;-;-;-;-;-;-;-;-;
ENABLE_FEATURE_INSMOD_LOAD_MAP;-;X;-;X;-;X;-;X;-;X;-;-;X;X;-;-;-;X;X;-;X;-;X;-;-;-;-;-;-;-;
ENABLE_FEATURE_TAR_SELINUX;-;X;X;-;X;-;-;-;-;-;X;-;-;X;-;X;-;-;-;X;-;-;-;-;X;-;-;-;-;-;
ENABLE_FEATURE_FIND_PERM;-;X;-;X;X;-;-;-;X;-;X;X;-;X;-;-;-;X;X;-;X;-;-;-;-;-;-;-;-;-;
ENABLE_FIND;-;X;X;X;X;X;X;-;X;X;X;X;-;X;X;-;-;X;X;-;X;X;-;-;X;X;-;-;-;-;
ENABLE_FEATURE_BOOTCHARTD_CONFIG_FILE;-;-;-;X;X;-;X;X;X;X;-;-;-;X;-;-;-;-;-;-;-;-;-;-;-;-;-;-;-;-;
ENABLE_BOOTCHARTD;-;X;-;X;X;-;X;X;X;X;-;-;-;X;X;-;-;-;-;X;-;-;-;-;X;-;-;-;-;-;
ENABLE_FEATURE_FIND_USER;-;X;X;-;X;X;-;-;X;-;-;-;-;X;X;-;-;-;X;-;-;-;-;-;-;-;-;-;-;-;
ENABLE_FEATURE_GPT_LABEL;-;-;X;X;X;X;-;-;-;X;-;X;X;-;-;-;-;X;-;X;-;X;-;-;-;-;-;-;-;-;
ENABLE_FEATURE_CHAT_SEND_ESCAPES;-;X;X;-;X;-;-;X;X;-;-;X;X;-;-;-;-;-;X;-;-;-;-;X;-;-;-;-;-;-;
ENABLE_TAR;-;X;X;X;X;-;X;X;-;X;X;-;-;X;X;X;-;-;-;X;X;-;-;-;X;X;-;-;-;-;
ENABLE_FEATURE_SGI_LABEL;-;X;X;-;X;-;-;-;-;X;-;X;X;X;-;-;-;X;-;X;-;X;-;-;-;-;-;-;-;-;
ENABLE_FEATURE_LESS_MARKS;-;X;-;X;-;X;-;X;-;-;-;X;X;-;-;X;-;-;-;-;-;-;-;-;-;-;-;-;-;-;
ENABLE_FEATURE_SH_EXTRA_QUIET;-;X;-;X;-;X;-;X;X;-;-;X;-;-;-;X;-;-;-;-;-;-;-;-;-;-;-;-;-;-;
ENABLE_FEATURE_VOLUMEID_ROMFS;-;X;-;X;-;-;-;X;X;X;X;-;-;-;X;-;-;X;-;-;-;-;-;-;-;-;-;-;-;-;
ENABLE_VOLUMEID;-;X;X;X;X;-;-;X;X;X;X;X;X;-;X;X;-;X;-;-;X;X;-;X;-;-;-;-;-;-;
ENABLE_MONOTONIC_SYSCALL;-;X;-;-;X;X;X;-;-;X;X;X;-;-;-;X;-;-;-;-;-;-;-;-;-;-;-;-;-;-;
ENABLE_ASH_BUILTIN_PRINTF;-;-;X;-;X;X;-;-;X;X;-;X;-;-;-;-;X;X;X;-;X;-;-;-;-;-;-;-;-;-;
ENABLE_FEATURE_IP_ADDRESS;-;X;-;X;-;X;X;-;X;-;X;X;X;-;-;-;X;X;-;-;-;-;-;-;-;-;-;-;-;-;
ENABLE_PING;-;X;X;-;X;-;-;-;X;X;X;-;-;X;-;X;X;X;X;-;-;-;-;-;-;X;-;-;-;-;
ENABLE_PING6;-;X;-;-;X;-;-;-;X;-;X;-;-;X;-;X;X;X;X;-;-;-;-;-;-;-;-;-;-;-;
ENABLE_HWCLOCK;-;X;X;-;X;-;X;-;X;X;-;X;-;-;-;X;X;X;X;-;-;X;-;-;-;-;-;-;-;-;
ENABLE_FEATURE_SUID_CONFIG;-;X;X;X;-;-;X;X;X;-;-;-;-;X;-;-;X;-;-;-;-;-;-;-;-;-;-;-;-;-;
ENABLE_FEATURE_SUID;-;X;X;X;-;-;X;X;X;-;X;-;-;X;-;-;X;-;-;-;-;-;-;-;-;-;-;-;-;-;
ENABLE_CHCON;-;X;-;X;X;-;X;-;-;-;X;X;-;X;-;X;-;-;X;-;-;X;X;-;-;-;-;-;-;-;
ENABLE_FEATURE_TOP_DECIMALS;-;X;X;-;-;X;-;X;-;-;-;-;-;X;X;-;X;X;-;X;-;-;-;-;-;-;-;-;-;-;
ENABLE_FEATURE_TOP_CPU_USAGE_PERCENTAGE;-;X;X;X;-;X;X;X;-;-;-;-;-;X;X;-;X;X;-;X;-;-;-;-;-;-;-;-;-;-;
ENABLE_FEATURE_FIND_PRUNE;-;-;X;X;-;X;-;-;-;X;X;X;-;X;X;-;-;-;-;-;-;X;-;-;-;-;-;-;-;-;
ENABLE_FEATURE_HDPARM_GET_IDENTITY;-;-;X;X;X;-;-;-;X;-;X;-;X;X;-;-;-;X;-;-;-;X;-;-;-;-;-;-;-;-;
ENABLE_FEATURE_FTPD_ACCEPT_BROKEN_LIST;-;X;X;-;-;X;X;-;-;X;-;-;X;-;X;-;-;X;-;-;-;-;-;-;-;-;-;-;-;-;
ENABLE_FTPD;-;X;X;-;X;X;X;-;-;X;-;-;X;-;X;-;-;X;-;X;-;-;-;-;-;-;-;-;-;-;
ENABLE_FEATURE_TOP_SMP_PROCESS;-;X;-;X;-;X;X;-;-;-;X;-;-;X;X;-;X;-;X;X;-;-;-;-;-;-;-;-;-;-;
ENABLE_TOP;-;X;X;X;-;X;X;X;-;-;X;-;-;X;X;-;X;X;X;X;-;-;-;-;-;-;-;-;-;-;
ENABLE_FEATURE_XARGS_SUPPORT_CONFIRMATION;-;X;-;X;-;X;-;-;X;X;-;X;X;X;-;X;-;-;-;-;X;-;-;-;-;-;-;-;-;-;
ENABLE_FEATURE_PREFER_APPLETS;-;X;-;-;-;X;X;-;X;X;-;X;X;-;X;-;-;-;X;-;X;X;X;-;-;-;-;X;-;-;
ENABLE_GETSEBOOL;-;X;-;X;-;X;-;-;-;-;X;X;X;X;-;X;X;-;-;-;-;-;-;-;-;-;-;-;-;-;
ENABLE_FEATURE_FIND_DEPTH;-;-;X;X;X;X;-;-;X;-;X;X;-;-;X;-;-;X;X;-;X;-;-;-;-;-;-;-;-;-;
ENABLE_FEATURE_FIND_DELETE;-;-;X;X;X;-;-;-;X;-;X;X;-;-;X;-;-;X;X;-;X;-;-;-;-;-;-;-;-;-;
ENABLE_FEATURE_HDPARM_HDIO_SCAN_HWIF;-;-;X;X;X;-;-;-;X;-;X;-;X;X;-;-;-;X;-;X;-;-;-;-;-;-;-;-;-;-;
ENABLE_FEATURE_SETFONT_TEXTUAL_MAP;-;-;X;X;-;X;-;-;-;X;-;X;-;X;-;X;-;-;X;X;-;X;-;-;-;-;-;-;-;-;
ENABLE_SETFONT;-;X;X;X;-;X;-;-;-;X;X;X;-;X;-;X;-;-;X;X;-;X;-;X;-;-;-;-;-;-;
ENABLE_LFS;-;-;X;-;X;X;X;-;X;X;X;-;-;-;-;-;X;X;X;-;X;-;-;-;-;-;-;-;-;-;
ENABLE_READAHEAD;-;-;X;-;X;X;-;-;X;X;X;-;-;-;-;-;X;X;X;-;-;-;-;-;-;-;-;-;-;-;
ENABLE_ADDGROUP;-;X;X;-;X;X;-;X;-;X;X;-;-;X;-;-;X;X;-;-;-;-;-;-;-;-;-;-;-;-;
ENABLE_FEATURE_ADDGROUP_LONG_OPTIONS;-;-;X;-;X;X;-;X;-;X;X;-;-;X;-;-;-;X;-;-;-;-;-;-;-;-;-;-;-;-;
ENABLE_WHO;-;X;-;-;X;X;X;-;-;X;-;X;-;X;X;-;X;-;-;-;-;-;-;-;-;-;-;-;-;-;
ENABLE_FEATURE_UTMP;-;X;X;-;X;X;X;-;-;X;-;X;-;X;X;-;X;-;-;-;-;-;-;-;-;-;-;-;-;-;
ENABLE_ASH_MAIL;-;-;X;X;X;-;-;-;X;-;-;X;X;-;-;-;X;X;-;-;X;-;-;-;-;-;-;-;-;-;
ENABLE_FEATURE_INSMOD_LOAD_MAP_FULL;-;-;-;X;-;X;-;X;-;X;-;-;X;X;-;-;-;X;X;-;X;-;X;-;-;-;-;-;-;-;
ENABLE_ASH_BASH_COMPAT;-;-;X;-;X;X;-;-;X;-;-;X;X;-;-;-;X;X;X;-;X;-;-;-;-;-;-;-;-;-;
ENABLE_FEATURE_DATE_ISOFMT;-;-;X;-;X;-;X;X;X;X;-;-;-;-;-;-;X;-;-;-;X;-;-;-;-;-;-;-;-;-;
ENABLE_DATE;-;X;X;-;X;-;X;X;X;X;-;-;X;-;-;-;X;X;-;-;X;X;-;-;-;-;-;-;-;-;
ENABLE_UNICODE_NEUTRAL_TABLE;-;-;-;X;-;X;-;X;-;-;-;-;-;-;X;X;-;-;-;-;X;X;-;X;-;-;-;-;-;-;
ENABLE_UNICODE_BIDI_SUPPORT;-;X;-;X;-;X;-;X;-;-;-;-;-;-;X;X;-;-;-;-;X;X;-;X;-;-;-;-;-;-;
ENABLE_FEATURE_IP_RULE;-;X;-;X;-;X;X;-;X;-;-;X;-;-;-;-;X;X;X;-;-;-;-;-;-;-;-;-;-;-;
ENABLE_INSTALL;-;X;-;X;X;X;X;-;-;X;-;-;-;X;X;X;X;-;X;-;X;-;X;-;-;-;-;-;-;-;
ENABLE_FEATURE_INSTALL_LONG_OPTIONS;-;X;-;-;X;X;X;-;-;X;-;-;-;X;-;X;-;-;X;-;X;-;X;-;-;-;-;-;-;-;
ENABLE_FEATURE_ADDUSER_LONG_OPTIONS;-;-;X;-;-;X;X;-;-;X;X;-;-;X;-;X;-;-;X;-;X;-;-;-;-;-;-;-;-;-;
ENABLE_CONSPY;-;X;X;-;-;X;-;-;X;X;X;-;X;X;-;-;-;X;-;-;-;-;-;-;-;-;-;-;-;-;
ENABLE_HUSH_RANDOM_SUPPORT;-;X;-;X;-;X;-;-;X;-;X;-;X;-;X;-;-;-;X;-;-;-;-;-;-;-;-;-;-;-;
ENABLE_FEATURE_DC_LIBM;-;X;-;X;-;X;-;X;X;-;-;-;X;-;X;X;-;X;-;-;-;-;-;-;-;-;-;-;-;-;
ENABLE_DC;-;X;-;X;-;X;X;X;X;-;-;-;X;-;X;X;-;X;-;-;-;-;-;-;-;-;-;-;-;-;
ENABLE_RAIDAUTORUN;-;-;X;X;-;-;X;-;X;X;-;-;X;-;-;X;X;-;-;-;-;-;-;-;-;-;-;-;-;-;
ENABLE_FEATURE_TAB_COMPLETION;-;-;-;X;X;X;-;X;-;X;X;-;X;-;-;-;X;X;-;-;X;X;-;-;-;-;-;-;-;-;
ENABLE_FEATURE_EDITING;-;X;-;X;X;X;-;X;-;X;X;-;X;-;X;-;X;X;-;-;X;X;X;-;X;-;-;-;-;-;
ENABLE_FEATURE_HDPARM_HDIO_UNREGISTER_HWIF;-;X;-;X;X;-;X;-;-;-;X;-;X;X;-;-;-;X;-;X;-;-;X;-;-;-;-;-;-;-;
ENABLE_SH_MATH_SUPPORT_64;-;-;X;-;X;X;-;-;X;-;X;-;-;-;X;X;-;X;-;X;-;-;-;-;-;-;-;-;-;-;
ENABLE_SH_MATH_SUPPORT;-;X;X;-;X;X;-;-;X;-;X;-;-;-;X;X;-;X;-;X;-;-;-;-;-;-;-;-;-;-;
ENABLE_FEATURE_BASH_IS_HUSH;X;-;-;-;X;-;-;X;-;-;X;-;X;-;X;-;-;-;X;X;-;-;-;-;-;-;X;-;-;-;
ENABLE_FEATURE_ROTATE_LOGFILE;-;X;X;-;-;X;-;X;X;-;-;X;-;-;-;-;-;-;X;-;-;-;-;-;-;-;-;-;-;-;
ENABLE_SYSLOGD;-;X;X;-;-;X;X;X;X;-;X;X;-;X;-;-;X;X;X;-;X;-;-;-;-;-;-;-;-;-;
ENABLE_IPROUTE;-;X;-;X;-;-;X;-;X;-;-;X;X;-;-;-;X;X;-;X;-;-;-;-;-;-;-;-;-;-;
ENABLE_FEATURE_RUNCON_LONG_OPTIONS;-;X;-;-;X;-;X;-;-;-;X;-;-;X;-;X;-;-;X;-;-;-;X;-;X;-;-;-;-;-;
ENABLE_FEATURE_VI_8BIT;-;X;X;-;X;-;-;X;-;-;-;X;-;X;X;-;X;-;-;-;-;-;-;-;-;-;-;-;-;-;
ENABLE_LOGREAD;-;X;X;-;-;-;X;-;X;-;X;X;-;X;-;-;X;X;X;-;X;-;-;-;-;-;-;-;-;-;
ENABLE_FEATURE_IPC_SYSLOG;-;X;X;-;-;X;X;-;X;-;X;X;-;X;-;-;X;X;X;-;X;-;-;-;-;-;-;-;-;-;
ENABLE_TFTP;-;X;X;X;-;X;X;X;X;-;-;-;X;-;-;X;-;X;X;-;X;-;-;-;-;-;-;-;-;-;
ENABLE_TFTPD;-;X;X;-;-;X;X;-;X;-;X;X;-;X;-;X;X;-;-;-;X;-;-;-;-;-;-;-;-;-;
ENABLE_FEATURE_TFTP_GET;-;X;-;X;-;-;X;X;X;-;X;-;X;-;-;-;X;-;X;-;-;-;-;-;-;-;-;-;-;-;
ENABLE_LZMA;-;X;-;-;X;-;X;X;X;-;X;-;-;-;-;-;X;X;-;X;-;-;-;-;-;-;-;-;-;-;
ENABLE_UNLZMA;-;X;X;-;X;-;X;X;X;-;X;-;-;X;-;-;X;X;-;X;-;-;-;-;-;-;-;-;-;-;
ENABLE_FEATURE_GREP_CONTEXT;-;X;-;X;X;-;-;X;-;-;-;X;-;-;X;X;X;-;X;-;-;-;-;-;-;-;-;-;-;-;
ENABLE_GREP;-;X;X;X;X;-;X;X;-;-;X;X;-;-;X;X;X;-;X;-;-;-;-;-;-;-;-;-;-;-;
ENABLE_FEATURE_AWK_LIBM;-;-;X;X;-;X;-;-;X;X;-;X;-;-;X;-;-;X;X;X;-;-;-;-;-;-;-;-;-;-;
ENABLE_AWK;-;-;X;X;-;X;-;X;X;X;X;X;-;-;X;-;-;X;X;X;-;-;-;-;-;-;-;-;-;-;
ENABLE_FEATURE_CHECK_TAINTED_MODULE;-;X;X;-;-;X;-;X;-;-;-;-;X;X;-;X;X;-;-;-;-;-;-;-;-;-;-;-;-;-;
ENABLE_FEATURE_FANCY_TAIL;-;X;-;-;X;-;X;-;X;X;-;X;-;X;-;-;-;X;X;X;-;X;-;-;-;-;X;-;-;-;
ENABLE_TAIL;-;X;X;-;X;X;X;-;X;X;-;X;-;X;-;-;-;X;X;X;-;X;-;-;-;-;X;-;-;-;
ENABLE_DPKG;-;-;X;X;X;-;X;-;X;-;X;-;X;X;-;-;X;-;-;-;X;-;-;-;-;-;-;-;-;-;
ENABLE_FEATURE_TAR_OLDSUN_COMPATIBILITY;-;X;-;X;-;-;X;X;X;-;X;-;X;X;-;-;-;-;-;-;-;-;-;-;-;-;-;-;-;-;
ENABLE_FEATURE_FANCY_PING;-;X;X;-;X;-;-;-;X;X;X;-;-;X;-;X;-;-;-;-;-;-;-;-;-;X;-;-;-;-;
ENABLE_FEATURE_TAR_GNU_EXTENSIONS;-;X;X;-;X;-;X;X;-;-;-;-;X;X;X;-;-;-;-;-;-;-;-;-;-;-;-;-;-;-;
ENABLE_FEATURE_USE_INITTAB;-;X;X;-;-;-;X;-;X;-;X;-;-;X;X;X;-;X;-;X;-;-;-;-;-;-;-;-;-;-;
ENABLE_INIT;-;X;X;X;-;-;X;-;X;X;X;-;-;X;X;X;-;X;X;X;X;-;-;-;-;-;-;-;-;-;
ENABLE_FEATURE_MDEV_LOAD_FIRMWARE;-;X;-;X;-;X;-;-;X;X;-;X;X;-;-;X;X;-;-;-;-;-;-;-;-;-;-;-;-;-;
ENABLE_MDEV;-;X;X;X;-;X;-;-;X;X;X;X;X;-;-;X;X;-;X;-;-;-;X;X;-;-;-;-;-;-;
ENABLE_FEATURE_VOLUMEID_XFS;-;X;X;-;-;-;-;X;X;X;X;-;-;-;X;-;-;X;-;-;-;-;-;-;-;-;-;-;-;-;
ENABLE_SELINUXENABLED;-;X;X;-;-;X;X;-;-;-;X;X;X;-;-;-;X;-;X;-;-;X;-;-;-;-;-;-;-;-;
ENABLE_FEATURE_VOLUMEID_FAT;-;X;-;-;X;-;-;X;X;-;X;X;X;-;-;X;-;X;-;-;-;-;-;-;-;-;-;-;-;-;
ENABLE_USE_BB_CRYPT_SHA;-;-;-;X;X;X;X;-;-;-;X;-;X;X;-;X;-;X;-;-;X;-;-;-;-;-;-;-;-;-;
ENABLE_USE_BB_CRYPT;-;X;-;X;X;X;X;-;-;-;X;-;X;X;-;X;-;X;-;-;X;-;-;-;-;-;-;-;-;-;
ENABLE_FEATURE_NTPD_SERVER;-;X;-;X;-;X;X;-;X;-;-;-;X;X;-;-;-;-;X;-;-;-;-;-;-;-;-;-;-;-;
ENABLE_NTPD;-;X;-;X;-;X;X;-;X;X;-;-;X;X;-;-;-;-;X;-;-;-;-;-;-;-;-;-;-;-;
ENABLE_IPADDR;-;X;-;X;-;-;-;-;X;-;X;X;X;-;-;-;X;X;-;-;-;-;-;-;-;-;-;-;-;-;
ENABLE_FEATURE_TOP_CPU_GLOBAL_PERCENTS;-;X;X;X;-;-;X;X;-;-;-;-;-;X;X;-;X;X;-;-;-;-;-;-;-;-;-;-;-;-;
ENABLE_FEATURE_HTTPD_CONFIG_WITH_SCRIPT_INTERPR;-;-;X;X;-;-;-;X;-;X;-;X;-;-;-;X;X;X;-;-;-;-;-;-;-;-;-;-;-;-;
ENABLE_FEATURE_VI_SEARCH;-;-;X;X;X;-;X;-;-;-;-;X;-;X;X;X;-;-;-;X;-;-;-;-;-;-;-;-;-;-;
ENABLE_FEATURE_UDHCPC_ARPING;-;-;X;-;X;-;X;-;X;X;-;X;-;X;-;X;-;-;-;-;-;-;-;-;X;-;-;-;-;-;
ENABLE_UDHCPC;-;X;X;-;X;-;X;-;X;X;-;X;-;X;-;X;-;-;-;X;-;-;-;-;X;-;-;-;-;-;
ENABLE_FEATURE_INSMOD_LOADINKMEM;-;-;X;X;-;X;-;X;-;-;-;-;X;X;-;-;-;X;X;-;X;-;X;-;-;-;-;-;-;-;
ENABLE_FEATURE_ENV_LONG_OPTIONS;-;-;X;-;-;X;X;X;-;-;X;-;-;-;-;X;-;X;-;-;X;-;-;-;X;-;-;-;-;-;
ENABLE_DIFF;-;-;X;X;X;-;X;X;-;X;X;-;-;X;X;-;X;-;X;-;-;-;-;-;-;-;-;-;-;-;
ENABLE_FEATURE_VI_ASK_TERMINAL;-;-;X;X;X;-;X;X;-;-;-;X;-;-;X;-;X;-;-;X;-;X;-;-;-;-;-;-;-;-;
ENABLE_PS;-;X;X;X;X;-;X;X;-;X;-;X;X;X;-;-;-;X;-;-;-;X;X;X;-;-;X;-;-;-;
ENABLE_INSTALL_SH_APPLET_SYMLINK;X;X;-;-;-;-;-;X;X;-;-;X;X;-;-;-;-;-;X;X;-;-;-;X;-;X;-;X;X;X;
ENABLE_INSTALL_SH_APPLET_HARDLINK;-;-;X;X;-;-;X;-;-;-;-;-;-;-;X;X;-;X;-;-;X;X;-;-;X;-;-;-;-;-;
ENABLE_INSTALL_SH_APPLET_SCRIPT_WRAPPER;-;-;-;-;X;X;-;-;-;X;X;-;-;X;-;-;X;-;-;-;-;-;X;-;-;-;X;-;-;-;
ENABLE_FEATURE_SPLIT_FANCY;-;X;-;X;-;X;-;X;-;-;X;-;-;X;-;X;-;X;-;-;-;-;-;-;-;-;-;-;-;-;
ENABLE_SPLIT;-;X;X;X;-;X;-;X;-;-;X;-;-;X;-;X;-;X;-;-;-;-;-;-;-;-;-;-;-;-;
ENABLE_ENABLE_FEATURE_RUN_PARTS_FANCY;-;X;X;-;-;X;-;-;X;X;-;-;-;X;X;-;-;-;-;X;-;-;-;-;-;-;-;-;-;-;
ENABLE_RUN_PARTS;-;X;X;-;X;X;-;X;X;X;-;-;-;X;X;-;-;X;-;X;X;-;-;-;-;-;-;-;-;-;
ENABLE_FEATURE_FIND_CONTEXT;-;-;X;X;X;-;X;-;-;-;-;X;-;X;-;-;-;-;X;-;-;X;-;-;X;-;-;-;-;-;
ENABLE_RMMOD;-;X;-;X;-;-;-;X;-;X;-;-;X;X;-;X;X;-;-;-;-;-;-;-;-;-;-;-;-;-;
ENABLE_MV;-;-;X;X;X;X;X;X;-;X;-;-;-;-;-;X;-;X;X;-;X;X;-;-;-;-;-;-;-;-;
ENABLE_FEATURE_MV_LONG_OPTIONS;-;-;X;-;X;X;X;-;-;X;-;-;-;-;-;X;-;X;X;-;X;-;-;-;-;-;-;-;-;-;
ENABLE_FEATURE_FIND_LINKS;-;X;-;X;X;X;-;-;-;-;X;X;-;X;X;-;-;X;X;-;-;-;-;-;-;-;-;-;-;-;
ENABLE_FEATURE_DD_IBS_OBS;-;-;X;X;X;-;X;-;-;X;-;-;X;X;-;-;X;X;-;-;X;-;-;-;-;-;-;-;-;-;
ENABLE_DD;-;X;X;X;X;-;X;X;-;X;-;-;X;X;-;-;X;X;-;X;X;-;X;-;-;-;-;-;-;-;
ENABLE_FEATURE_TAR_NOPRESERVE_TIME;-;X;-;X;-;-;X;X;-;X;-;-;-;X;-;X;-;-;-;X;X;-;-;-;-;-;-;-;-;-;
ENABLE_FEATURE_LS_COLOR_IS_DEFAULT;-;X;-;-;X;-;X;X;-;X;-;-;-;-;-;-;-;X;X;-;-;-;X;-;-;-;-;-;-;-;
ENABLE_FEATURE_REMOTE_LOG;-;X;-;-;-;X;X;X;X;-;X;-;-;X;-;-;X;-;-;-;-;-;-;-;-;-;-;-;-;-;
ENABLE_FEATURE_TELNET_AUTOLOGIN;-;X;X;-;-;-;X;X;-;-;X;-;X;-;-;X;X;-;-;-;-;-;-;-;-;-;-;-;-;-;
ENABLE_ENV;-;X;X;-;-;X;X;X;-;X;X;-;X;-;-;X;-;X;-;-;X;-;-;-;X;-;-;-;-;-;
ENABLE_SESTATUS;-;X;-;X;X;-;-;-;-;-;X;X;X;X;-;X;-;-;-;-;-;-;-;-;-;-;-;-;-;-;
ENABLE_FEATURE_SH_IS_NONE;-;-;-;X;X;X;X;-;-;-;X;-;-;-;-;-;-;X;-;X;-;X;-;-;-;X;-;X;-;X;
ENABLE_FEATURE_READLINK_FOLLOW;-;-;-;X;X;X;-;-;-;X;-;-;X;X;-;X;-;-;X;-;X;-;-;-;-;-;-;-;-;-;
ENABLE_READLINK;-;X;-;X;X;X;-;X;-;X;-;-;X;X;-;X;-;-;X;-;X;-;-;-;-;-;-;-;-;-;
ENABLE_FEATURE_TFTP_BLOCKSIZE;-;-;X;X;-;X;X;-;X;-;-;-;X;X;-;X;-;-;X;-;X;-;-;-;-;-;-;-;-;-;
ENABLE_SLATTACH;-;-;X;X;X;X;X;-;-;-;-;-;-;X;-;X;X;X;X;-;-;-;-;-;-;-;-;-;-;-;
ENABLE_FEATURE_LS_SORTFILES;-;-;X;X;-;-;X;-;-;X;X;X;-;-;-;-;X;X;X;-;X;-;-;-;-;-;-;-;-;-;
ENABLE_FEATURE_CHECK_UNICODE_IN_ENV;-;X;-;X;-;-;-;X;-;X;-;-;-;-;X;X;-;-;-;-;X;X;-;X;-;-;X;-;-;-;
ENABLE_FEATURE_VI_READONLY;-;X;X;-;-;X;-;X;-;-;-;X;-;X;X;-;-;-;-;X;-;-;-;-;-;-;-;-;-;-;
ENABLE_FEATURE_SUN_LABEL;-;X;-;X;-;X;-;-;-;X;-;X;X;X;-;-;-;X;-;X;-;X;-;-;-;-;-;-;-;-;
ENABLE_LAST;-;X;-;-;X;-;-;X;X;X;-;-;-;X;X;X;-;-;-;-;-;X;-;-;-;-;-;-;-;-;
ENABLE_FEATURE_WTMP;-;X;X;-;X;-;X;X;X;X;-;-;-;X;X;X;-;-;-;-;-;X;-;-;-;-;-;-;-;-;
ENABLE_FEATURE_TFTP_PUT;-;X;-;X;-;X;X;X;-;-;-;-;X;X;-;X;-;-;-;-;-;-;-;-;-;-;-;-;-;-;
ENABLE_INSTALL_APPLET_SYMLINKS;-;X;-;X;-;-;-;-;-;-;X;X;-;-;X;-;-;-;-;-;X;-;-;-;-;-;-;-;X;-;
ENABLE_INSTALL_APPLET_DONT;-;-;-;-;X;-;X;-;X;-;-;-;-;-;-;X;-;-;-;X;-;X;X;-;-;-;-;X;-;-;
ENABLE_DMALLOC;-;-;-;-;-;X;X;X;-;-;X;-;-;-;-;X;-;X;-;-;-;-;X;X;-;X;-;-;-;-;
ENABLE_FEATURE_LS_RECURSIVE;-;X;X;-;X;-;X;-;-;X;-;X;-;-;X;-;X;X;-;-;-;-;-;-;-;-;-;-;-;-;
ENABLE_FEATURE_VOLUMEID_REISERFS;-;X;X;-;X;-;-;X;-;X;-;X;-;-;X;-;-;X;-;-;-;X;-;-;-;-;-;-;-;-;
ENABLE_FTPGET;-;X;X;-;-;X;-;-;X;-;X;X;X;-;X;X;-;-;X;-;X;-;-;-;-;-;-;-;-;-;
ENABLE_FTPPUT;-;X;-;X;X;-;X;X;-;-;-;X;X;X;-;-;X;-;-;-;-;-;-;-;-;-;-;-;-;-;
ENABLE_SHOWKEY;-;X;X;-;-;X;-;-;X;-;X;X;X;X;-;-;-;-;-;-;-;-;-;-;-;-;-;-;-;-;
ENABLE_FEATURE_INETD_SUPPORT_BUILTIN_DISCARD;-;-;-;X;X;X;X;X;-;X;-;-;-;X;-;X;X;-;-;-;-;-;X;-;-;-;-;-;-;-;
ENABLE_INETD;-;X;-;X;X;X;X;X;-;X;-;-;-;X;-;X;X;-;X;-;-;-;X;-;-;-;-;-;-;-;
ENABLE_FEATURE_CROND_D;-;X;-;X;-;X;-;X;-;-;-;X;X;-;X;-;X;-;X;X;-;-;-;-;-;-;-;-;-;-;
ENABLE_CROND;-;X;-;X;X;X;-;X;X;-;-;X;X;-;X;-;X;X;X;X;-;-;-;-;-;-;-;-;-;-;
ENABLE_FEATURE_STAT_FORMAT;-;X;-;X;-;-;-;-;X;-;X;-;X;X;-;X;-;-;-;-;-;-;-;-;-;-;-;-;-;-;
ENABLE_STAT;-;X;X;X;X;-;-;-;X;-;X;-;X;X;-;X;-;-;-;-;-;-;-;-;-;-;-;-;-;-;
ENABLE_FEATURE_IFUPDOWN_IP_BUILTIN;-;-;X;-;X;-;X;-;X;-;-;-;-;-;-;X;-;-;X;-;-;X;X;X;-;-;-;-;X;-;
ENABLE_NETSTAT;-;-;X;X;X;X;-;-;-;X;X;X;X;-;-;-;X;-;X;X;-;X;X;-;-;-;-;-;-;-;
ENABLE_TRACEROUTE;-;-;X;X;X;X;X;-;X;-;X;X;-;X;-;X;X;-;X;X;-;-;-;-;-;X;-;-;-;-;
ENABLE_FEATURE_PIDOF_SINGLE;-;X;-;X;X;-;X;-;-;X;-;-;-;X;X;X;X;-;-;X;-;-;-;-;-;-;-;-;-;-;
ENABLE_PIDOF;-;X;X;X;X;-;X;-;-;X;-;-;X;X;X;X;X;-;-;X;-;-;-;-;-;-;-;-;-;-;
ENABLE_FEATURE_DEL_USER_FROM_GROUP;-;-;X;X;-;X;-;-;-;-;X;X;X;-;X;-;-;X;X;X;-;-;-;-;-;-;-;-;-;-;
ENABLE_DELGROUP;-;X;X;X;-;X;-;-;-;X;X;X;X;-;X;-;-;X;X;X;-;-;-;-;-;-;-;-;-;-;
ENABLE_CHOWN;-;X;-;X;X;-;-;X;-;X;X;X;-;X;-;X;-;X;-;-;-;-;-;-;-;-;-;-;-;-;
ENABLE_FEATURE_CHOWN_LONG_OPTIONS;-;X;-;-;X;-;-;X;-;X;X;-;-;X;-;X;-;X;-;-;-;-;-;-;-;-;-;-;-;-;
ENABLE_FEATURE_ALLOW_EXEC;-;X;X;-;-;X;X;X;-;-;-;X;-;X;X;-;-;-;X;-;-;-;-;-;-;-;-;-;-;-;
ENABLE_KILLALL5;-;X;-;X;-;X;X;-;X;X;-;-;X;-;X;-;-;-;-;-;-;-;-;-;-;-;-;-;-;-;
ENABLE_KILL;-;X;X;X;-;X;X;-;X;X;-;-;X;-;X;-;-;-;X;X;X;-;-;-;-;-;-;-;-;-;
ENABLE_BLKID;-;-;X;X;X;-;X;-;X;-;X;-;X;-;-;X;X;-;X;-;-;-;-;-;-;-;-;-;-;-;
ENABLE_FEATURE_HTTPD_PROXY;-;-;X;X;X;-;-;X;-;X;-;X;-;-;-;X;X;-;-;-;-;-;-;-;-;-;-;-;-;-;
ENABLE_DEPMOD;-;X;-;X;-;X;-;X;-;-;-;-;X;X;-;X;X;-;-;-;-;-;-;-;-;-;-;-;-;-;
ENABLE_FEATURE_MODUTILS_ALIAS;-;X;X;-;-;-;-;X;-;X;-;-;-;X;-;X;X;X;-;-;-;-;-;-;-;-;-;-;-;-;
ENABLE_FEATURE_MAKEDEVS_LEAF;X;-;X;-;-;X;-;-;X;-;X;X;X;-;X;-;-;-;X;X;X;X;X;X;X;X;X;X;X;X;
ENABLE_FEATURE_MAKEDEVS_TABLE;-;X;-;X;X;-;X;X;-;X;-;-;-;X;-;X;X;X;-;-;-;-;-;-;-;-;-;-;-;-;
ENABLE_DESKTOP;-;X;X;X;X;-;X;-;-;X;-;X;X;X;-;-;-;X;X;-;-;X;X;X;-;-;X;-;-;-;
ENABLE_FEATURE_PS_ADDITIONAL_COLUMNS;-;X;-;X;-;-;X;-;-;X;-;-;X;X;-;-;-;X;-;-;-;X;X;X;-;-;X;-;-;-;
ENABLE_FEATURE_VERBOSE_USAGE;-;-;X;X;X;-;-;X;-;-;X;X;-;-;X;-;X;X;-;-;-;X;-;-;-;-;-;-;-;-;
ENABLE_SHOW_USAGE;-;-;X;X;X;-;-;X;-;X;X;X;-;-;X;-;X;X;-;X;-;X;-;-;-;-;-;-;-;-;
ENABLE_FEATURE_SU_CHECKS_SHELLS;-;-;X;X;X;-;X;-;-;-;-;-;X;-;X;X;X;-;-;X;-;X;-;-;-;-;-;-;-;-;
ENABLE_SU;-;X;X;X;X;-;X;X;-;X;-;-;X;-;X;X;X;-;-;X;-;X;-;-;-;-;-;-;-;-;
ENABLE_FEATURE_EDITING_VI;-;X;-;X;-;X;-;X;-;X;X;-;-;-;-;-;-;X;-;-;X;X;-;-;-;-;-;-;-;-;
ENABLE_FEATURE_VI_USE_SIGNALS;-;-;X;-;X;X;-;X;-;-;-;X;-;X;X;-;X;-;-;-;-;-;-;-;-;-;-;-;-;-;
ENABLE_IFUPDOWN;-;X;X;X;X;-;X;X;X;-;X;-;X;-;X;X;-;X;X;X;-;X;X;X;X;-;-;-;X;-;
ENABLE_FEATURE_IFUPDOWN_IPV6;-;X;-;X;X;-;-;-;X;-;X;-;-;-;X;X;-;X;X;-;-;X;-;-;-;-;-;-;-;-;
ENABLE_FEATURE_IP_ROUTE;-;X;X;X;-;-;X;-;X;-;-;X;X;-;-;-;X;X;-;X;-;-;-;-;X;-;-;-;-;-;
ENABLE_FEATURE_CHCON_LONG_OPTIONS;-;-;-;-;X;-;X;-;-;-;X;-;-;X;-;X;-;-;X;-;-;X;X;-;-;-;-;-;-;-;
ENABLE_FEATURE_LS_USERNAME;-;X;-;-;X;-;X;X;-;X;X;-;-;-;X;-;X;-;-;-;-;-;-;-;-;-;-;-;-;-;
ENABLE_FEATURE_MKDIR_LONG_OPTIONS;-;-;-;-;X;X;X;X;-;-;-;-;-;X;-;-;-;X;X;-;X;-;X;-;-;-;-;-;-;-;
ENABLE_DHCPRELAY;-;-;X;X;-;X;-;-;X;X;-;X;X;X;-;X;-;-;-;-;-;X;-;-;-;-;-;-;-;-;
ENABLE_FEATURE_SHARED_BUSYBOX;-;-;X;X;-;-;-;X;-;-;X;-;-;X;-;X;-;-;-;X;-;-;-;-;-;-;X;-;-;-;
ENABLE_FEATURE_EDITING_SAVEHISTORY;-;X;-;X;X;-;-;X;-;X;-;-;X;-;X;-;X;X;-;-;-;-;X;-;X;-;-;-;-;-;
ENABLE_START_STOP_DAEMON;-;-;X;X;X;-;X;X;-;X;X;-;X;X;-;X;-;X;-;-;X;-;-;-;-;-;-;-;-;-;
ENABLE_FEATURE_START_STOP_DAEMON_LONG_OPTIONS;-;-;X;-;X;-;X;X;-;X;X;-;-;-;-;X;-;X;-;-;-;-;-;-;-;-;-;-;-;-;
ENABLE_ARP;-;X;X;-;-;X;-;-;-;X;X;X;X;-;-;X;-;-;X;X;-;-;-;-;-;-;-;-;-;-;
ENABLE_FEATURE_DATE_NANO;-;X;X;-;-;-;X;-;X;X;-;-;X;-;-;-;X;X;-;-;-;X;-;-;-;-;-;-;-;-;
ENABLE_FEATURE_SH_STANDALONE;-;X;-;-;-;X;-;-;X;X;-;X;X;-;X;-;-;-;X;-;-;X;-;-;-;-;-;-;-;-;
ENABLE_FEATURE_LS_TIMESTAMPS;-;-;X;-;X;-;X;X;-;X;X;X;-;-;-;-;X;-;-;-;-;-;-;-;-;-;-;-;-;-;
ENABLE_UPTIME;-;X;X;-;X;-;-;-;X;X;-;-;X;X;-;X;X;-;-;-;-;-;-;-;-;-;-;-;-;-;
ENABLE_FEATURE_IPV6;-;X;-;X;X;X;X;-;X;-;X;-;-;X;X;X;X;X;X;-;-;X;-;-;-;X;-;-;-;-;
ENABLE_TRACEROUTE6;-;-;-;X;X;X;X;-;X;-;X;-;-;-;-;-;X;-;X;-;-;-;-;-;-;X;-;-;-;-;
ENABLE_HD;-;X;X;-;-;-;X;-;-;X;X;X;-;-;-;X;X;-;-;-;X;-;-;-;-;-;-;-;-;-;
ENABLE_HEXDUMP;-;X;X;-;X;-;X;-;-;X;X;X;-;-;-;X;X;X;X;X;X;-;-;-;-;-;-;-;-;-;
ENABLE_FEATURE_DIFF_DIR;-;-;X;X;-;-;X;-;-;X;X;-;-;X;X;-;X;-;X;-;-;-;-;-;-;-;-;-;-;-;
ENABLE_EXPAND;-;X;-;X;X;X;X;-;-;X;X;-;-;X;X;-;-;X;X;-;X;X;X;-;-;-;-;-;-;-;
ENABLE_FEATURE_EXPAND_LONG_OPTIONS;-;X;-;-;X;-;X;-;-;X;X;-;-;X;-;-;-;X;X;-;X;X;X;-;-;-;-;-;-;-;
ENABLE_FEATURE_LESS_WINCH;-;X;-;X;-;X;X;-;-;-;X;X;-;-;X;X;-;-;X;-;-;-;-;-;-;-;-;-;-;-;
ENABLE_FEATURE_VOLUMEID_HFS;-;X;X;-;X;-;-;X;-;X;X;-;-;-;X;X;-;-;-;-;X;X;-;X;-;-;-;-;-;-;
ENABLE_FEATURE_SETCONSOLE_LONG_OPTIONS;-;X;X;-;-;-;X;-;-;X;X;-;-;X;-;X;-;X;-;-;-;X;X;-;-;-;-;-;-;-;
ENABLE_LOADFONT;-;X;-;X;-;-;X;-;X;X;-;-;X;X;-;X;X;-;-;-;-;-;-;-;-;-;-;-;-;-;
ENABLE_SETENFORCE;-;X;-;X;-;-;X;-;-;-;X;X;X;X;-;X;-;-;-;-;-;-;-;-;-;-;-;-;-;-;
ENABLE_FEATURE_FIND_PATH;-;X;-;X;X;-;-;-;-;X;X;X;-;X;X;-;-;-;-;-;-;-;-;-;-;-;-;-;-;-;
ENABLE_LOSETUP;-;X;-;X;X;-;-;-;X;X;-;-;X;-;-;X;X;X;-;-;-;-;-;-;-;-;-;-;-;-;
ENABLE_FEATURE_MOUNT_FSTAB;-;-;X;X;X;-;-;-;-;X;X;-;X;-;-;X;-;X;-;X;-;-;-;-;-;-;-;-;-;-;
ENABLE_FEATURE_FIND_EXEC;-;X;X;-;X;X;-;-;-;X;X;-;-;X;X;-;-;-;-;-;-;-;-;-;-;-;-;-;-;-;
ENABLE_DUMPKMAP;-;X;X;-;-;X;X;-;X;-;-;-;X;X;-;-;-;-;-;-;-;-;-;-;-;-;-;-;-;-;
ENABLE_FEATURE_EDITING_ASK_TERMINAL;-;X;-;X;X;-;-;X;-;-;X;-;X;-;-;-;X;X;-;-;-;-;-;-;-;-;-;-;-;-;
ENABLE_NC_110_COMPAT;-;X;-;X;X;-;X;-;-;-;X;-;X;-;X;-;X;-;-;X;-;-;-;-;-;-;-;-;-;-;
ENABLE_NC;-;X;X;X;X;-;X;X;-;-;X;-;X;-;X;-;X;-;-;X;X;-;-;-;-;-;-;-;-;-;
ENABLE_PIE;-;X;-;-;-;-;-;-;X;-;-;X;-;-;X;-;-;X;X;-;-;-;X;-;-;-;-;-;X;-;
ENABLE_FEATURE_HTTPD_ENCODE_URL_STR;-;-;X;X;-;-;-;X;-;X;X;X;-;-;-;X;X;-;-;X;-;-;-;-;-;-;-;-;-;-;
ENABLE_RFKILL;-;X;-;X;-;X;X;-;-;X;X;-;-;-;-;X;X;-;-;-;-;-;-;-;-;-;-;-;-;-;
ENABLE_HUSH_IF;-;X;X;-;X;X;-;-;-;-;X;-;X;-;X;-;X;-;X;X;-;-;-;-;-;-;-;-;-;-;
ENABLE_TELNETD;-;X;X;-;X;-;X;X;X;-;X;-;-;-;X;-;X;X;X;-;-;-;-;-;-;-;-;-;-;-;
ENABLE_FEATURE_TOPMEM;-;-;X;X;-;-;X;X;-;-;X;-;-;X;-;-;X;X;X;-;-;-;-;-;-;-;-;-;-;-;
ENABLE_FEATURE_LESS_BRACKETS;-;X;X;-;-;X;-;X;-;-;X;X;X;-;X;-;-;-;-;-;-;X;-;-;-;-;-;-;-;-;
ENABLE_FEATURE_HTTPD_RANGES;-;-;-;X;X;X;-;X;-;X;-;X;-;-;-;X;X;X;-;-;-;-;-;-;-;-;-;-;-;-;
ENABLE_HUSH_FUNCTIONS;-;X;-;X;X;-;-;-;X;X;X;-;-;-;X;-;X;-;-;-;-;-;X;-;X;-;-;-;-;-;
ENABLE_DEALLOCVT;-;X;-;X;-;-;X;-;X;X;-;X;X;-;-;X;-;X;-;-;-;-;-;-;-;-;-;-;-;-;
ENABLE_FEATURE_SEAMLESS_XZ;-;X;X;X;-;-;-;-;X;X;-;-;X;X;X;X;-;-;-;X;-;-;-;-;-;-;-;-;-;-;
ENABLE_FEATURE_SEAMLESS_Z;-;-;X;X;-;X;-;X;X;-;-;X;-;X;-;X;-;-;-;-;-;-;-;-;-;-;-;-;-;-;
ENABLE_FEATURE_TAR_AUTODETECT;-;X;X;-;X;-;X;X;-;-;-;-;-;X;X;X;-;-;-;X;X;-;-;-;-;-;-;-;-;-;
ENABLE_FEATURE_SEAMLESS_GZ;-;-;X;X;-;X;X;-;-;X;-;X;X;-;-;X;-;-;-;-;X;-;-;-;-;-;-;-;-;-;
ENABLE_FEATURE_SEAMLESS_BZ2;-;X;X;-;X;X;-;-;-;-;-;X;X;X;-;X;-;X;-;-;X;-;-;-;-;-;-;-;-;-;
ENABLE_FEATURE_SEAMLESS_LZMA;-;X;X;-;-;-;X;X;X;X;-;X;-;-;-;-;X;-;-;-;-;-;-;-;-;-;-;-;-;-;
ENABLE_LZOP_COMPR_HIGH;-;X;-;X;-;X;-;-;X;-;X;X;-;X;X;X;-;-;X;-;-;-;-;-;-;-;-;-;-;-;
ENABLE_LZOP;-;X;-;X;X;X;-;-;X;-;X;X;-;X;X;X;-;-;X;-;-;-;-;-;-;-;-;-;-;-;
ENABLE_FEATURE_INETD_SUPPORT_BUILTIN_CHARGEN;-;X;-;X;-;-;X;X;-;X;-;-;-;X;-;X;X;-;X;-;-;-;-;-;-;-;-;-;-;-;
ENABLE_FEATURE_TFTP_PROGRESS_BAR;-;-;X;X;-;X;X;-;X;-;-;-;X;-;-;X;-;-;X;-;X;-;-;-;-;-;-;-;-;-;
ENABLE_FEATURE_SETFILES_CHECK_OPTION;-;-;-;X;X;X;-;-;-;-;X;-;X;X;-;X;X;-;X;-;-;-;-;-;-;-;-;-;-;-;
ENABLE_SETFILES;-;-;X;X;X;X;-;-;-;-;X;-;X;X;-;X;X;-;X;-;-;-;-;-;-;-;-;-;-;-;
ENABLE_FEATURE_IFCONFIG_HW;-;X;-;X;X;-;X;-;X;-;-;X;-;-;-;X;-;X;-;-;-;-;-;-;X;-;-;-;-;-;
ENABLE_FEATURE_SU_SYSLOG;-;-;X;-;X;-;X;X;-;X;-;-;X;-;X;-;X;-;-;-;-;-;-;-;-;-;-;-;-;-;
ENABLE_UMOUNT;-;-;X;X;X;-;X;-;X;-;X;X;-;X;-;X;X;X;-;-;-;-;-;-;-;-;-;-;-;-;
ENABLE_FEATURE_MOUNT_LOOP;-;X;X;-;X;X;X;-;X;-;-;X;-;X;-;X;X;-;-;X;-;-;-;-;-;-;-;-;-;-;
ENABLE_IFPLUGD;-;X;-;X;X;-;X;-;-;-;X;X;X;X;-;-;-;X;-;-;-;-;-;-;-;-;-;-;-;-;
ENABLE_RTCWAKE;-;X;X;-;X;-;X;-;-;-;X;X;-;X;-;X;-;-;-;-;-;-;-;X;-;-;-;-;-;-;
ENABLE_EXPR_MATH_SUPPORT_64;-;X;-;X;-;X;X;-;-;X;-;X;-;-;X;-;X;-;-;-;-;-;-;-;-;-;-;-;-;-;
ENABLE_EXPR;-;X;-;X;-;X;X;X;-;X;-;X;-;-;X;-;X;-;-;-;-;-;-;-;-;-;-;-;-;-;
ENABLE_FEATURE_EDITING_FANCY_PROMPT;-;X;-;-;X;X;-;X;-;X;X;-;X;-;X;-;-;-;-;-;X;-;-;-;-;-;-;-;-;-;
ENABLE_HUSH_LOOPS;-;X;-;X;X;-;-;X;-;-;X;-;X;-;X;-;X;-;X;-;-;-;-;-;-;-;-;-;-;-;
ENABLE_FEATURE_IFUPDOWN_EXTERNAL_DHCP;-;X;X;-;X;-;X;-;-;-;X;-;X;-;X;X;-;X;X;-;-;-;-;-;-;-;-;-;-;-;
ENABLE_FEATURE_FBSET_READMODE;-;-;X;X;-;X;-;-;-;X;-;-;X;X;-;X;X;-;X;-;-;X;-;X;-;-;-;-;-;-;
ENABLE_RX;-;X;X;X;-;-;-;-;-;X;X;X;X;X;-;X;-;-;-;-;-;-;-;-;-;-;-;-;-;-;
ENABLE_FEATURE_WGET_STATUSBAR;-;X;-;X;X;-;-;-;X;-;X;X;-;-;X;-;X;-;X;-;-;-;-;-;-;-;-;-;-;-;
ENABLE_WGET;-;X;X;X;X;-;-;-;X;-;X;X;X;-;X;X;X;-;X;-;-;X;-;X;-;-;X;-;-;-;
ENABLE_FEATURE_VOLUMEID_CRAMFS;-;X;-;X;X;-;-;X;-;-;X;X;X;-;X;-;-;X;-;-;-;-;-;-;-;-;-;-;-;-;
ENABLE_FEATURE_IFUPDOWN_MAPPING;-;X;X;X;-;-;-;-;-;-;X;-;X;-;X;X;-;X;X;X;-;-;-;-;-;-;-;-;-;-;
ENABLE_FEATURE_FIND_MAXDEPTH;-;X;X;-;-;X;X;-;-;X;X;-;-;-;X;-;-;-;-;-;-;-;-;-;-;-;-;-;-;-;
ENABLE_FEATURE_INDIVIDUAL;-;-;X;X;-;-;-;X;-;-;-;-;-;X;-;X;-;-;-;X;-;-;-;X;-;-;-;-;-;-;
ENABLE_SETKEYCODES;-;X;-;X;-;X;-;-;X;X;-;-;X;X;-;-;X;X;X;X;-;-;-;-;-;-;-;-;-;-;
ENABLE_HUSH_SAVEHISTORY;-;X;-;X;-;-;-;X;-;X;-;-;X;-;X;-;X;-;-;-;-;-;X;-;X;-;-;-;-;-;
ENABLE_FEATURE_CHAT_TTY_HIFI;-;X;-;X;X;-;-;X;X;-;-;-;-;X;-;X;-;-;-;-;X;-;-;-;-;-;-;-;-;-;
ENABLE_FEATURE_TAR_TO_COMMAND;-;X;X;-;-;-;X;X;-;-;X;-;-;X;-;X;-;-;-;-;X;-;-;-;-;-;-;-;-;-;
ENABLE_FEATURE_OSF_LABEL;-;-;X;X;X;-;-;-;-;X;-;X;X;X;-;-;-;X;-;X;-;X;-;-;-;-;-;-;-;-;
ENABLE_FEATURE_BOOTCHARTD_BLOATED_HEADER;-;X;-;X;X;-;X;-;X;-;-;-;-;X;X;-;-;-;-;X;-;-;-;-;X;-;-;-;-;-;
ENABLE_FEATURE_MOUNT_HELPERS;-;X;X;-;-;X;X;-;-;X;-;-;X;-;-;X;-;-;-;X;-;-;-;-;-;-;-;-;-;-;
ENABLE_FEATURE_INETD_SUPPORT_BUILTIN_DAYTIME;-;-;-;X;X;X;X;X;-;-;-;-;-;-;-;X;X;-;X;-;-;-;-;-;-;-;-;-;-;-;
ENABLE_FEATURE_FANCY_HEAD;-;-;-;X;X;-;-;X;X;-;X;-;-;-;-;X;X;X;-;-;-;-;-;-;-;-;-;-;-;-;
ENABLE_HEAD;-;X;-;X;X;-;-;X;X;-;X;-;-;-;-;X;X;X;-;-;-;-;-;-;-;-;-;-;-;-;
ENABLE_ASH_OPTIMIZE_FOR_SIZE;-;-;-;X;X;X;-;-;X;X;-;X;-;-;-;-;X;X;X;-;X;-;-;-;-;-;-;-;-;-;
ENABLE_ECHO;-;X;-;X;-;X;X;-;X;-;-;X;X;X;-;-;-;-;-;-;X;-;-;-;-;-;-;-;-;-;
ENABLE_FEATURE_FANCY_ECHO;-;X;-;X;X;-;-;-;-;X;X;-;X;X;X;-;-;-;-;-;-;-;-;-;-;-;-;-;-;-;
ENABLE_FEATURE_LAST_SMALL;X;-;X;-;-;X;-;X;-;X;X;X;-;-;X;-;X;X;X;X;-;X;X;X;X;X;X;X;X;X;
ENABLE_FEATURE_LAST_FANCY;-;X;-;X;X;-;X;-;X;-;-;-;X;X;-;X;-;-;-;-;X;-;-;-;-;-;-;-;-;-;
ENABLE_FBSPLASH;-;-;X;X;X;-;-;-;X;X;X;-;X;-;-;X;X;X;-;-;-;-;-;-;-;-;-;-;-;-;
ENABLE_FEATURE_MDEV_EXEC;-;-;X;X;-;X;-;-;-;-;X;X;-;-;-;X;X;-;X;-;-;-;X;X;-;-;-;-;-;-;
ENABLE_FEATURE_MDEV_CONF;-;X;X;X;-;X;-;-;X;-;X;X;-;-;-;X;X;-;X;-;-;-;X;X;-;-;-;-;-;-;
ENABLE_RMDIR;-;X;X;X;X;-;-;X;-;-;X;X;X;X;-;-;-;X;-;-;X;-;-;-;-;-;-;-;-;-;
ENABLE_FEATURE_RMDIR_LONG_OPTIONS;-;X;X;-;X;-;-;X;-;-;X;-;-;X;-;-;-;X;-;-;X;-;-;-;-;-;-;-;-;-;
ENABLE_CHVT;-;X;-;X;X;-;-;-;X;-;X;-;X;X;-;-;-;X;X;-;-;-;-;-;-;-;-;-;-;-;
ENABLE_FEATURE_TRACEROUTE_USE_ICMP;-;-;X;X;-;X;X;-;X;-;-;X;-;X;-;X;-;-;X;X;-;-;-;-;-;-;-;-;-;-;
ENABLE_SETARCH;-;X;X;-;-;X;-;-;-;X;X;X;X;-;-;X;X;-;-;X;-;-;-;-;-;-;-;-;-;-;
ENABLE_FEATURE_CHAT_IMPLICIT_CR;-;-;X;X;X;-;-;X;-;X;-;X;X;-;-;-;-;-;X;-;-;-;-;X;-;-;-;-;-;-;
ENABLE_FEATURE_FIND_MMIN;-;X;-;X;-;X;-;-;X;X;-;X;-;X;X;-;-;-;-;-;-;-;-;-;-;-;-;-;-;-;
ENABLE_ADJTIMEX;-;X;-;X;-;X;X;-;X;-;-;-;X;X;-;X;-;-;-;-;-;-;-;-;-;-;-;-;-;-;
ENABLE_FEATURE_LOGREAD_REDUCED_LOCKING;-;X;X;-;-;-;X;-;X;-;X;X;-;X;-;-;X;-;X;-;X;-;-;-;-;-;-;-;-;-;
ENABLE_NC_SERVER;-;-;X;X;-;-;X;X;-;-;X;-;X;-;X;-;X;-;-;X;-;-;-;-;-;-;-;-;-;-;
ENABLE_UNICODE_PRESERVE_BROKEN;-;X;X;-;-;X;-;X;X;-;-;-;X;-;X;-;-;-;-;-;X;X;-;-;-;-;-;-;-;-;
ENABLE_ASH_EXPAND_PRMT;-;-;X;X;-;-;-;-;X;X;-;X;X;-;-;-;X;X;X;-;X;-;-;-;-;-;-;-;-;-;
ENABLE_UNICODE_USING_LOCALE;-;-;X;-;-;-;-;-;X;-;X;-;X;-;-;-;X;-;-;X;-;-;X;-;-;X;-;X;-;-;
ENABLE_FINDFS;-;X;-;X;X;X;-;-;-;X;X;X;-;-;-;X;-;-;X;-;-;-;-;-;-;-;-;-;-;-;
ENABLE_FEATURE_INITRD;-;-;X;X;-;-;X;-;X;X;X;-;-;X;-;X;-;-;X;-;X;-;-;-;-;-;-;-;-;-;
ENABLE_ADDUSER;-;-;X;X;-;X;X;-;-;X;X;X;-;X;-;X;-;-;X;-;X;-;-;-;-;-;-;-;-;-;
ENABLE_FEATURE_CHECK_NAMES;-;X;-;X;-;X;X;X;-;-;-;X;-;X;-;X;X;-;X;-;-;-;-;-;-;-;-;-;-;-;
ENABLE_ASH_RANDOM_SUPPORT;-;-;X;-;X;X;-;-;X;X;-;X;X;-;-;-;X;X;-;-;X;-;-;-;-;-;-;-;-;-;
ENABLE_FEATURE_IP_LINK;-;X;-;-;X;X;X;-;X;-;X;X;X;-;-;-;X;-;X;X;-;-;-;X;-;-;-;-;-;-;
ENABLE_FREE;-;X;-;X;-;X;-;-;X;X;X;-;-;X;-;X;-;-;-;-;-;-;-;-;-;-;-;-;-;-;
ENABLE_FEATURE_DEVFS;-;-;X;X;-;X;-;-;X;-;X;X;-;X;-;X;-;X;-;-;-;-;-;-;-;-;-;-;-;-;
ENABLE_MKFS_VFAT;-;-;X;X;X;-;X;-;-;X;X;-;X;-;-;-;-;X;X;-;-;-;-;-;-;-;-;-;-;-;
ENABLE_FEATURE_LZMA_FAST;-;X;X;-;X;-;-;X;X;-;-;-;-;X;-;-;X;-;-;-;-;-;-;-;-;-;-;-;-;-;
ENABLE_FEATURE_TOP_SMP_CPU;-;-;X;X;-;-;X;X;-;-;-;-;-;X;X;-;X;X;-;-;-;-;-;-;-;-;-;-;-;-;
ENABLE_FEATURE_EXTRA_QUIET;-;-;X;X;-;-;X;-;X;X;X;-;-;X;-;X;-;X;-;-;X;-;-;-;-;-;-;-;-;-;
ENABLE_FEATURE_FIND_GROUP;-;X;-;X;X;X;-;-;-;X;-;X;-;-;X;-;-;-;-;-;-;-;-;-;-;X;-;-;-;-;
ENABLE_FEATURE_VI_OPTIMIZE_CURSOR;-;-;X;X;X;X;-;-;-;-;-;X;-;X;X;X;-;-;-;X;-;-;-;-;-;-;-;-;-;-;
ENABLE_FEATURE_MOUNT_VERBOSE;-;X;-;-;X;X;X;-;-;X;-;-;X;X;-;-;-;-;-;-;-;-;-;-;-;-;-;-;-;-;
ENABLE_FEATURE_SH_IS_HUSH;X;-;-;-;-;-;-;X;-;-;-;-;X;-;X;X;-;-;X;-;-;-;X;-;X;-;-;-;-;-;
ENABLE_POWERTOP;-;X;-;X;X;-;X;-;X;-;-;-;X;-;X;-;X;-;X;-;-;-;-;-;-;-;-;-;-;-;
ENABLE_FEATURE_USE_TERMIOS;-;X;X;-;X;-;X;-;X;-;X;X;X;-;-;-;-;X;X;-;X;-;-;-;-;-;-;-;-;-;
ENABLE_BRCTL;-;-;X;X;X;X;-;-;-;X;X;-;X;-;-;X;X;X;X;-;-;-;-;-;-;-;-;-;-;-;
ENABLE_TFTP_DEBUG;-;X;X;-;-;X;X;-;-;-;X;X;X;-;-;X;X;X;-;-;X;-;-;-;-;-;-;-;-;-;
ENABLE_RESTORECON;-;X;-;X;X;-;X;-;-;-;-;X;X;X;-;X;-;-;X;-;-;-;-;-;-;-;-;-;-;-;
ENABLE_FEATURE_DATE_COMPAT;-;X;X;-;-;-;X;X;X;X;-;-;X;-;-;-;X;-;-;-;-;-;-;-;-;-;-;-;-;-;
ENABLE_SETSEBOOL;-;X;X;-;X;-;X;-;-;-;X;X;X;-;-;X;X;-;-;-;-;-;-;-;-;-;-;-;-;-;
ENABLE_LSATTR;-;-;X;X;X;-;-;-;X;X;X;-;X;-;-;-;-;X;X;-;-;-;-;-;-;-;-;-;-;-;
ENABLE_SETCONSOLE;-;X;X;X;-;-;X;-;-;X;X;-;X;X;-;X;X;X;-;-;-;X;X;-;-;-;-;-;-;-;
ENABLE_FEATURE_PASSWD_WEAK_CHECK;-;X;-;X;X;X;-;-;-;X;-;-;-;X;X;-;X;X;-;-;-;-;-;-;-;-;-;-;-;-;
ENABLE_PASSWD;-;X;-;X;X;X;-;X;-;X;-;-;-;X;X;-;X;X;-;-;-;-;-;-;-;-;-;-;-;-;
ENABLE_FEATURE_HTTPD_SET_REMOTE_PORT_TO_ENV;-;X;X;-;-;-;-;X;-;X;-;X;-;-;-;X;X;X;-;-;-;-;-;-;-;-;-;-;-;-;
ENABLE_FEATURE_TRACEROUTE_VERBOSE;-;-;X;X;-;-;X;-;X;-;X;X;-;X;-;X;-;-;X;-;-;-;-;-;-;-;-;-;-;-;
ENABLE_UBIATTACH;-;X;-;X;X;-;X;-;-;-;X;X;-;X;-;-;X;-;X;-;-;-;-;X;-;-;-;-;-;-;
ENABLE_OPENVT;-;X;-;X;X;X;-;-;-;X;-;-;X;-;-;X;X;X;-;-;-;-;-;-;-;-;-;-;-;-;
ENABLE_FEATURE_CHAT_CLR_ABORT;-;-;X;X;-;-;-;X;X;X;-;X;-;X;-;-;-;-;-;-;-;-;-;-;-;-;-;-;-;-;
ENABLE_FREERAMDISK;-;X;-;X;X;-;-;-;X;-;X;X;-;X;-;X;X;-;X;-;-;-;-;-;-;-;-;-;-;-;
ENABLE_ROUTE;-;X;-;-;X;X;X;-;X;-;X;-;X;-;-;X;-;-;X;-;-;-;-;-;-;-;-;-;-;-;
ENABLE_FEATURE_SYSLOGD_DUP;-;X;-;-;-;X;X;X;X;-;X;X;-;-;-;-;-;-;-;-;-;-;-;-;-;-;-;-;-;-;
ENABLE_FEATURE_SH_NOFORK;-;X;-;-;-;X;-;-;X;X;-;X;X;-;X;-;-;-;X;-;X;-;-;-;-;-;-;-;-;-;
ENABLE_FEATURE_VOLUMEID_LINUXRAID;-;-;X;X;X;-;-;X;X;-;-;X;X;-;X;X;-;X;-;-;-;-;-;-;-;-;-;-;-;-;
ENABLE_FEATURE_UMOUNT_ALL;-;-;X;X;X;-;-;-;-;-;X;X;-;X;-;X;X;X;-;-;-;-;-;-;-;-;-;-;-;-;
ENABLE_FEATURE_FTP_WRITE;-;X;-;-;X;X;X;-;-;X;-;-;X;-;X;-;-;-;-;X;-;-;-;-;-;-;-;-;-;-;
ENABLE_FEATURE_LESS_LINENUMS;-;X;-;X;-;X;X;X;-;-;X;-;-;-;-;-;-;-;X;-;-;X;-;-;-;-;-;-;-;-;
ENABLE_IPRULE;-;X;-;X;-;-;X;-;X;-;-;X;-;-;-;-;X;X;X;-;-;-;-;-;-;-;-;-;-;-;
ENABLE_NANDDUMP;-;X;-;X;-;X;-;-;-;X;X;X;X;-;-;X;-;X;-;-;-;-;-;-;-;-;-;-;-;-;
ENABLE_SWAPONOFF;-;-;X;X;X;-;X;-;X;-;X;X;X;-;-;-;X;-;-;-;-;X;-;X;-;-;-;-;-;-;
ENABLE_ASH_BUILTIN_TEST;-;-;X;X;X;-;-;-;-;X;-;X;X;-;-;-;X;X;-;-;X;X;-;-;-;-;-;-;-;-;
ENABLE_TEST;-;X;-;X;-;X;-;X;X;-;-;X;-;X;-;-;-;-;-;-;-;-;-;-;-;-;-;-;-;-;
ENABLE_FEATURE_TEST_64;-;X;X;-;X;-;-;X;X;X;X;-;-;-;-;-;X;X;-;-;-;-;-;-;-;-;-;-;-;-;
ENABLE_FEATURE_VOLUMEID_BTRFS;-;X;-;X;-;-;-;X;X;X;X;X;-;-;-;-;-;X;-;-;-;-;-;-;-;-;-;-;-;-;
ENABLE_FEATURE_IPCALC_LONG_OPTIONS;-;X;-;-;X;-;X;X;-;-;X;-;-;X;-;-;-;-;X;-;-;-;-;-;-;-;-;-;-;-;
ENABLE_FEATURE_MODUTILS_SYMBOLS;-;X;X;-;-;X;-;-;-;X;-;-;X;X;-;X;X;X;-;-;X;-;-;-;-;-;-;-;-;-;
ENABLE_FEATURE_HTTPD_USE_SENDFILE;-;X;X;-;-;X;-;X;-;-;X;X;-;-;-;X;X;-;-;-;-;-;-;-;-;-;-;-;-;-;
ENABLE_FEATURE_VOLUMEID_NTFS;-;X;X;-;X;-;-;X;-;X;X;-;X;-;-;-;-;X;-;-;-;-;-;-;-;-;-;-;-;-;
ENABLE_FEATURE_BRCTL_SHOW;-;-;X;X;-;X;-;-;-;X;X;-;X;-;-;X;X;X;-;-;-;-;-;-;-;-;-;-;-;-;
ENABLE_FEATURE_TEE_USE_BLOCK_IO;-;-;X;X;-;-;-;X;-;X;X;-;X;X;X;-;-;-;-;X;-;-;-;-;-;-;-;-;-;-;
ENABLE_TEE;-;-;X;X;X;-;-;X;-;X;X;-;X;X;X;-;-;-;-;X;-;-;-;-;-;-;-;-;-;-;
ENABLE_FEATURE_TAR_OLDGNU_COMPATIBILITY;-;X;-;X;X;-;-;-;X;-;X;-;X;X;X;-;-;-;-;-;-;-;-;-;-;-;-;-;-;-;
ENABLE_FEATURE_MOUNT_LOOP_CREATE;-;X;X;-;-;X;-;-;X;-;-;X;-;X;-;X;X;-;-;X;-;-;-;-;-;-;-;-;-;-;
ENABLE_FEATURE_TR_EQUIV;-;-;X;X;-;X;-;-;X;-;-;X;X;X;X;-;-;X;-;-;-;-;-;-;-;-;-;-;-;-;
ENABLE_TR;-;-;X;X;X;X;-;X;X;-;-;X;X;X;X;-;-;X;-;-;-;-;-;-;-;-;-;-;-;-;
ENABLE_FEATURE_INIT_COREDUMPS;-;-;X;X;-;-;X;-;X;-;X;-;-;X;X;X;-;-;-;-;-;-;-;-;-;-;-;-;-;-;
ENABLE_FEATURE_DD_THIRD_STATUS_LINE;-;X;-;X;X;-;-;-;-;X;-;-;X;X;-;-;X;X;-;X;X;-;X;-;-;-;-;-;-;-;
ENABLE_FEATURE_VOLUMEID_LINUXSWAP;-;-;X;X;-;-;-;X;X;-;X;X;X;-;-;X;-;X;-;-;-;-;-;-;-;-;-;-;-;-;
ENABLE_FEATURE_IFCONFIG_MEMSTART_IOADDR_IRQ;-;X;-;X;X;-;-;-;X;-;X;X;-;-;-;X;-;X;-;-;-;X;X;-;X;-;-;-;-;-;
ENABLE_FEATURE_CALL_TELINIT;-;-;-;-;X;X;-;X;-;-;-;X;X;-;-;-;X;-;-;-;-;X;-;-;-;-;-;-;-;-;
ENABLE_DU;-;X;X;X;-;-;X;X;-;X;X;-;X;X;-;-;X;-;-;-;-;-;X;-;-;-;-;-;-;-;
ENABLE_DF;-;X;-;X;-;-;X;X;-;X;X;X;X;X;-;-;-;-;-;-;-;-;-;-;-;-;-;-;-;-;
ENABLE_FEATURE_HUMAN_READABLE;-;-;X;X;-;-;X;X;-;X;-;X;-;X;X;-;-;-;-;-;-;-;-;-;-;-;-;-;-;-;
ENABLE_FEATURE_START_STOP_DAEMON_FANCY;-;-;X;X;X;-;X;X;-;-;-;-;X;-;-;X;-;X;-;-;X;-;-;-;-;-;-;-;-;-;
ENABLE_FEATURE_VI_SETOPTS;-;X;-;X;X;-;-;X;-;-;-;X;-;X;-;X;X;-;-;X;-;-;-;-;-;-;-;-;-;-;
ENABLE_FEATURE_FIND_REGEX;-;-;X;X;X;-;X;-;X;-;-;X;-;X;-;-;-;X;X;-;X;-;-;-;-;-;-;-;-;-;
ENABLE_FEATURE_MOUNT_FAKE;-;-;X;X;X;-;-;-;-;X;X;-;-;X;-;X;-;X;-;X;-;-;-;-;-;-;-;-;-;-;
ENABLE_FEATURE_VOLUMEID_OCFS2;-;-;X;X;X;-;-;X;-;X;-;X;X;-;X;-;-;X;-;-;-;-;-;-;-;-;-;-;-;-;
ENABLE_FEATURE_IFUPDOWN_IPV4;-;X;-;X;X;-;-;X;-;-;X;-;X;-;-;X;-;X;X;-;-;-;-;-;-;-;-;-;-;-;
ENABLE_FEATURE_CROND_CALL_SENDMAIL;-;-;-;X;X;X;-;X;X;-;-;-;X;-;-;-;X;X;-;-;-;-;-;-;-;-;-;-;-;-;
ENABLE_FEATURE_HDPARM_HDIO_DRIVE_RESET;-;X;X;-;X;-;-;-;X;-;X;-;X;X;-;-;-;X;-;-;-;X;-;-;-;-;-;-;-;-;
ENABLE_LOCALE_SUPPORT;-;X;X;-;-;-;X;X;X;-;X;-;X;X;-;-;X;-;-;X;-;-;X;-;-;X;-;X;-;-;
ENABLE_FEATURE_XARGS_SUPPORT_QUOTES;-;X;X;-;-;X;-;-;X;X;-;X;-;-;-;X;-;-;X;X;X;-;-;-;-;-;-;-;-;-;
ENABLE_FEATURE_BRCTL_FANCY;-;-;X;X;X;X;-;-;-;X;X;-;X;-;-;X;X;X;-;-;-;-;-;-;-;-;-;-;-;-;
ENABLE_FEATURE_PREFER_IPV4_ADDRESS;-;-;-;X;X;X;X;-;X;-;-;-;-;X;X;X;-;X;X;-;-;-;-;-;-;-;-;-;-;-;
ENABLE_FEATURE_NAMEIF_EXTENDED;-;X;-;-;-;X;-;-;X;X;X;-;X;-;-;X;X;X;X;-;-;-;-;-;-;-;-;-;-;-;
ENABLE_NAMEIF;-;X;-;X;-;X;-;-;X;X;X;-;X;-;-;X;X;X;X;-;-;-;-;-;-;-;-;-;-;-;
ENABLE_FEATURE_CPIO_O;-;X;X;-;-;X;-;-;-;-;X;X;X;X;X;-;X;-;-;-;-;X;-;-;-;-;-;-;-;-;
ENABLE_CPIO;-;X;X;-;-;X;X;-;-;-;X;X;X;X;X;-;X;-;-;-;-;X;-;-;-;-;-;-;-;-;
ENABLE_FEATURE_MODPROBE_SMALL_CHECK_ALREADY_LOADED;-;-;-;-;X;-;X;-;X;-;X;X;-;-;X;-;-;-;-;X;-;X;-;-;X;X;-;-;-;-;
ENABLE_FEATURE_SUID_CONFIG_QUIET;-;-;X;X;-;-;X;X;X;-;-;-;-;X;-;-;X;-;-;-;-;-;-;-;-;-;-;-;-;-;
ENABLE_FEATURE_DD_SIGNAL_HANDLING;-;X;X;X;X;-;-;-;-;X;-;-;X;X;-;-;X;X;-;X;X;-;X;-;-;-;-;-;-;-;
ENABLE_DEBUG_PESSIMIZE;-;-;X;X;-;X;-;X;-;-;X;X;-;-;-;X;-;X;X;-;-;-;-;-;-;-;-;-;-;-;
ENABLE_DEBUG;-;-;X;X;-;X;-;X;-;-;X;X;-;X;-;X;-;X;X;-;-;-;-;-;-;-;-;-;-;-;
ENABLE_WATCHDOG;-;-;X;X;-;X;-;-;X;-;X;X;X;X;-;-;-;X;-;-;-;-;-;-;-;-;-;-;-;-;
ENABLE_FEATURE_TAR_CREATE;-;-;X;X;X;-;X;-;-;X;-;-;-;X;X;X;-;-;-;X;X;-;-;-;-;-;-;-;-;-;
ENABLE_FEATURE_VI_COLON;-;X;X;-;-;X;-;-;-;-;-;X;-;X;X;X;-;-;-;-;-;-;-;-;-;-;-;-;-;-;
ENABLE_FEATURE_SHOW_THREADS;-;X;-;-;X;X;-;X;-;X;-;X;X;X;X;-;-;-;-;-;-;-;-;-;-;-;-;-;-;-;
ENABLE_FEATURE_HTTPD_BASIC_AUTH;-;X;X;X;-;-;-;X;-;X;X;X;-;-;-;X;X;-;-;-;-;-;-;-;-;-;-;-;-;-;
ENABLE_FEATURE_VOLUMEID_LUKS;-;X;-;-;X;-;-;X;X;X;-;X;X;-;-;X;-;X;-;-;X;-;-;-;-;-;-;-;-;-;
ENABLE_MKDIR;-;X;-;X;X;X;X;X;-;-;-;-;X;X;-;-;-;X;X;-;X;-;X;-;-;-;-;-;-;-;
ENABLE_FEATURE_LOADFONT_RAW;-;-;X;X;-;-;X;-;X;X;X;X;-;-;-;X;-;-;-;-;-;-;-;X;-;-;-;-;-;-;
ENABLE_LOGIN_SCRIPTS;-;X;X;-;-;X;-;-;-;X;-;X;X;X;-;-;X;-;-;X;X;-;-;-;-;-;-;-;-;-;
ENABLE_FEATURE_VI_DOT_CMD;-;X;-;X;X;-;-;X;-;-;-;X;-;X;-;X;X;-;-;-;-;X;-;-;-;-;-;-;-;-;
ENABLE_FEATURE_TR_CLASSES;-;-;X;X;-;-;-;X;X;-;-;X;X;X;X;-;-;-;-;-;-;-;-;-;-;-;-;-;-;-;
ENABLE_BEEP;-;X;-;X;X;-;-;-;-;X;X;X;-;X;-;X;X;-;-;-;-;-;-;-;-;-;-;-;-;-;
ENABLE_HALT;-;X;-;X;X;X;-;X;-;-;-;X;X;X;-;-;X;-;-;-;-;X;-;-;-;-;-;-;-;-;
ENABLE_CP;-;X;X;X;X;X;-;-;-;-;X;-;X;-;X;X;X;X;X;-;X;-;X;-;-;-;-;-;-;-;
ENABLE_FEATURE_CP_LONG_OPTIONS;-;-;X;-;X;X;-;-;-;-;X;-;-;-;-;X;-;X;X;-;X;-;X;-;-;-;-;-;-;-;
ENABLE_UNEXPAND;-;X;-;X;X;X;X;-;-;X;-;-;-;X;X;X;-;X;-;X;X;-;X;-;-;-;-;-;-;-;
ENABLE_FEATURE_XARGS_SUPPORT_ZERO_TERM;-;X;-;X;-;X;-;-;X;X;-;-;X;X;-;X;-;-;X;X;X;-;-;-;-;-;-;-;-;-;
ENABLE_NC_EXTRA;-;-;X;X;-;-;X;X;-;-;X;-;X;-;X;-;X;-;-;-;X;-;-;-;-;-;-;-;-;-;
ENABLE_IFENSLAVE;-;X;-;X;X;-;-;-;X;X;-;X;X;X;-;-;X;X;-;-;-;-;X;-;-;-;-;-;-;-;
ENABLE_FEATURE_DF_FANCY;-;X;-;X;-;-;X;X;-;-;X;X;-;X;-;-;-;-;-;-;-;-;-;-;-;-;-;-;-;-;
ENABLE_FEATURE_LS_FILETYPES;-;X;X;-;-;-;-;X;-;X;X;X;-;-;X;-;X;-;-;X;-;-;-;-;-;-;-;-;-;-;
ENABLE_DEVFSD_FG_NP;-;X;X;-;-;X;X;-;-;-;X;X;X;X;-;-;-;-;-;X;-;-;-;X;-;-;-;-;-;-;
ENABLE_FEATURE_WGET_AUTHENTICATION;-;-;X;X;X;-;-;-;-;-;X;X;X;-;X;X;X;-;-;-;-;-;-;-;-;-;-;-;-;-;
ENABLE_FEATURE_INIT_SYSLOG;-;-;X;-;-;-;X;-;X;X;X;-;-;X;X;X;-;-;-;-;-;-;-;-;-;-;-;-;-;-;
ENABLE_FEATURE_INETD_RPC;-;X;-;X;X;-;-;X;-;X;-;-;-;X;-;X;X;-;X;-;-;-;-;-;-;-;-;-;-;-;
ENABLE_FEATURE_MODPROBE_SMALL_OPTIONS_ON_CMDLINE;-;-;-;-;X;-;X;-;X;-;X;X;-;-;X;-;-;-;-;X;-;-;-;X;X;-;-;-;-;-;
ENABLE_FEATURE_HTTPD_AUTH_MD5;-;X;-;X;-;-;-;X;-;X;X;X;-;-;-;X;X;-;-;-;-;-;-;-;-;-;-;-;-;-;
ENABLE_FEATURE_HWCLOCK_ADJTIME_FHS;-;X;X;-;-;-;X;-;X;X;-;X;-;-;-;X;X;-;X;-;-;-;-;-;-;-;-;-;-;-;
ENABLE_SHA1SUM;-;X;-;X;X;-;-;X;-;X;X;-;-;X;-;-;X;-;-;-;-;-;-;-;-;-;-;-;-;-;
ENABLE_MD5SUM;-;-;X;X;-;-;X;-;-;X;X;X;X;-;X;-;X;-;-;-;X;-;-;-;-;-;-;-;-;-;
ENABLE_SHA256SUM;-;-;X;X;X;-;X;-;X;X;-;-;-;-;X;-;-;X;-;X;-;-;-;-;-;-;-;-;-;-;
ENABLE_SHA512SUM;-;X;-;X;X;-;X;-;-;X;-;X;-;X;X;X;-;-;-;X;-;-;-;-;-;-;-;-;-;-;
ENABLE_FEATURE_MD5_SHA1_SUM_CHECK;-;X;X;X;-;-;X;X;-;-;-;X;X;-;X;-;X;-;-;-;-;-;-;-;-;-;-;-;-;-;
ENABLE_IPCS;-;-;X;X;-;X;-;-;X;X;X;-;X;X;-;-;-;-;-;-;-;-;-;-;-;-;-;-;-;-;
ENABLE_FEATURE_VOLUMEID_SYSV;-;-;X;X;X;-;-;X;X;-;-;-;X;-;X;X;-;X;-;-;X;-;-;-;-;-;-;-;-;-;
ENABLE_FEATURE_MDEV_RENAME;-;X;X;-;-;X;-;-;X;-;X;X;-;-;-;X;X;-;X;-;-;-;X;X;-;-;-;-;-;-;
ENABLE_FEATURE_HTTPD_SETUID;-;X;X;-;X;-;-;X;-;-;X;X;-;-;-;X;X;X;-;-;-;-;-;-;-;-;-;-;-;-;
ENABLE_FEATURE_VI_YANKMARK;-;-;X;-;X;X;-;X;-;-;-;X;-;X;X;X;-;-;-;-;-;-;-;-;-;-;-;-;-;-;
ENABLE_UNIX2DOS;-;X;-;X;-;-;X;X;-;X;-;X;-;X;X;-;-;-;X;X;-;-;-;-;-;-;-;-;-;-;
ENABLE_DOS2UNIX;-;X;-;X;-;X;X;X;-;X;-;X;-;X;X;-;-;-;X;X;-;-;-;-;-;-;-;-;-;-;
ENABLE_SLEEP;-;-;X;X;X;X;X;X;-;X;-;-;-;X;X;-;-;-;X;X;X;-;-;-;-;-;-;-;-;-;
ENABLE_FEATURE_NOLOGIN;-;X;-;X;-;X;-;-;-;X;X;X;-;X;-;-;X;-;X;X;X;-;-;-;-;-;-;-;-;-;
ENABLE_FEATURE_LS_FOLLOWLINKS;-;X;-;X;X;-;-;X;-;-;X;X;-;-;-;-;X;X;X;-;-;-;-;-;-;-;-;-;-;-;
ENABLE_ASH_ALIAS;-;-;-;X;X;X;-;-;X;X;-;X;X;-;-;-;-;X;-;-;X;-;-;-;-;-;-;-;-;-;
ENABLE_FEATURE_CHAT_SWALLOW_OPTS;-;X;X;-;X;-;-;-;X;X;-;X;X;-;-;X;-;-;X;-;X;-;-;X;-;-;-;-;-;-;
ENABLE_FEATURE_UDHCP_RFC3397;-;X;-;X;X;X;-;-;X;-;-;-;X;X;-;X;-;-;-;-;-;-;-;-;-;-;-;-;-;-;
ENABLE_FEATURE_WC_LARGE;-;X;-;X;-;X;-;-;-;X;X;-;X;X;-;X;-;-;X;-;X;-;-;-;-;-;-;-;-;-;
ENABLE_WC;-;X;-;X;-;X;X;-;-;X;X;-;X;X;-;X;-;-;X;-;X;-;-;-;-;-;-;-;-;-;
ENABLE_HUSH_HELP;-;X;X;-;X;-;-;-;X;-;X;-;X;-;X;-;X;-;X;X;-;-;-;-;-;-;-;-;-;-;
ENABLE_MKFS_MINIX;-;X;-;X;X;-;-;-;X;X;-;X;-;X;-;X;X;-;-;-;-;-;-;-;-;-;-;-;-;-;
ENABLE_FEATURE_TELNET_TTYPE;-;X;-;X;-;-;X;X;X;-;X;-;X;-;-;X;-;-;-;-;X;-;-;X;-;-;-;-;-;-;
ENABLE_FEATURE_RESIZE_PRINT;-;X;-;X;-;X;X;X;-;-;-;-;X;-;-;X;X;-;-;-;-;-;-;-;-;-;-;-;-;-;
ENABLE_RESIZE;-;X;-;X;-;X;X;X;X;-;-;-;X;-;-;X;X;-;-;-;-;-;-;-;-;-;-;-;-;-;
ENABLE_ASH_JOB_CONTROL;-;-;X;X;-;X;-;-;-;X;-;X;-;-;-;-;X;X;X;-;X;X;-;-;-;-;-;-;-;-;
ENABLE_UNICODE_COMBINING_WCHARS;-;X;-;X;-;X;-;X;-;X;-;-;X;-;-;X;X;-;-;X;X;-;-;-;-;-;-;-;-;-;
ENABLE_HUSH_BASH_COMPAT;-;X;X;X;-;X;-;-;X;X;-;-;X;-;X;X;-;-;X;-;-;-;-;-;-;-;-;-;-;-;
ENABLE_FEATURE_USERNAME_COMPLETION;-;-;-;X;X;X;-;X;-;-;X;-;-;-;-;-;X;X;-;-;X;X;-;-;-;-;-;-;-;-;
ENABLE_FEATURE_NETSTAT_WIDE;-;-;X;X;X;X;-;-;-;X;X;-;X;-;-;-;X;-;X;X;-;X;-;-;-;-;-;-;-;-;
ENABLE_KLOGD;-;X;X;-;X;X;-;X;-;-;X;X;X;X;-;-;-;-;X;-;-;X;-;X;-;-;-;-;-;-;
ENABLE_FEATURE_KLOGD_KLOGCTL;-;X;X;-;X;-;-;-;-;-;X;X;X;X;-;-;-;-;X;-;-;X;-;X;-;-;-;-;-;-;
ENABLE_FEATURE_SWAPON_PRI;-;-;X;X;X;-;X;-;-;-;X;X;X;-;-;-;X;-;-;-;-;X;-;X;-;-;-;-;-;-;
ENABLE_VCONFIG;-;X;X;-;-;X;X;-;-;X;-;X;X;-;-;-;X;-;-;-;-;-;-;-;-;-;-;-;-;-;
ENABLE_FEATURE_INSTALLER;-;X;-;X;X;-;X;-;-;-;X;-;X;X;-;X;-;-;X;X;X;-;-;-;-;-;-;-;-;-;
ENABLE_ETHER_WAKE;-;-;X;X;X;X;-;-;X;-;-;X;X;X;-;X;-;X;-;-;-;-;-;-;-;-;-;-;-;-;
ENABLE_FEATURE_MOUNT_CIFS;-;X;-;X;-;X;X;-;-;X;-;-;X;X;-;X;-;-;-;X;-;-;-;-;-;-;-;-;-;-;
ENABLE_FEATURE_HEXDUMP_REVERSE;-;X;-;-;X;-;X;-;-;X;-;X;-;-;-;X;X;X;X;X;X;-;-;-;-;-;-;-;-;-;
ENABLE_USE_BB_PWD_GRP;-;X;-;X;X;-;-;X;X;X;-;X;X;-;X;X;-;X;-;X;-;-;-;-;-;-;-;-;-;-;
ENABLE_USE_BB_SHADOW;-;X;-;X;X;-;-;-;-;X;-;X;X;-;X;X;-;X;-;X;-;-;-;-;-;-;-;-;-;-;
ENABLE_FEATURE_IFCONFIG_SLIP;-;-;X;X;-;-;X;-;X;-;X;X;X;-;-;X;-;X;-;-;-;-;-;-;-;-;-;-;-;-;
ENABLE_FEATURE_LOADFONT_PSF2;-;X;X;-;-;-;X;-;-;X;X;-;X;X;-;-;X;-;X;-;-;X;-;-;-;-;-;-;-;-;
ENABLE_FEATURE_DPKG_DEB_EXTRACT_ONLY;-;-;-;X;-;X;X;X;X;-;X;-;-;X;-;-;-;-;-;-;-;-;-;-;-;-;-;-;-;-;
ENABLE_DPKG_DEB;-;X;-;X;-;X;X;X;X;-;X;-;-;X;-;-;-;-;-;-;-;-;-;-;-;-;-;-;-;-;
ENABLE_RUNCON;-;X;-;X;X;-;X;-;-;-;X;-;X;X;-;X;X;-;X;-;-;-;X;-;X;-;-;-;-;-;
ENABLE_FEATURE_CPIO_P;-;X;X;-;-;X;-;-;-;-;X;X;X;X;X;-;-;-;-;-;-;X;-;-;-;-;-;-;-;-;
ENABLE_FEATURE_VOLUMEID_EXT;-;X;-;-;X;-;-;X;X;-;X;X;X;-;-;X;-;-;-;-;X;-;-;X;-;-;-;-;-;-;
ENABLE_FSCK_MINIX;-;-;X;X;X;-;X;X;-;-;-;X;X;-;-;X;X;-;-;-;-;-;-;-;-;-;-;-;-;-;
ENABLE_FEATURE_MINIX2;-;X;X;-;X;-;-;X;X;-;-;X;-;-;-;X;X;-;-;-;-;-;-;-;-;-;-;-;-;-;
ENABLE_FEATURE_DU_DEFAULT_BLOCKSIZE_1K;-;-;X;X;-;-;X;X;-;-;X;-;X;X;-;-;X;-;-;-;-;-;X;-;-;-;-;-;-;-;
ENABLE_FEATURE_ACPID_COMPAT;-;-;X;-;-;-;X;-;X;X;-;X;X;X;-;-;X;-;-;-;-;X;-;-;-;-;-;-;-;-;
ENABLE_ACPID;-;-;X;X;-;-;X;-;X;X;-;X;X;X;-;-;X;-;-;-;-;X;-;-;-;-;-;-;-;-;
ENABLE_FEATURE_FIND_PAREN;-;X;X;-;X;X;-;-;-;-;-;X;-;X;X;-;-;X;-;-;-;-;-;-;-;-;-;-;-;-;
ENABLE_KILLALL;-;X;-;X;-;X;-;-;X;X;-;-;-;-;X;-;-;-;X;X;X;-;-;-;-;-;-;-;-;-;
ENABLE_FDISK_SUPPORT_LARGE_DISKS;-;X;X;-;X;X;-;-;-;-;-;X;X;-;-;-;-;X;X;X;-;X;-;-;-;-;-;-;-;-;
ENABLE_FEATURE_FIND_NEWER;-;X;-;X;-;X;-;-;X;X;-;-;-;X;X;-;-;X;-;-;-;-;-;-;-;-;-;-;-;-;
ENABLE_FDFORMAT;-;X;X;-;-;-;X;-;X;X;-;X;X;X;-;-;-;-;-;-;-;X;-;-;-;-;-;-;-;-;
ENABLE_FEATURE_FIND_PRINT0;-;-;X;X;-;X;-;-;X;X;X;-;-;X;X;-;-;-;-;-;-;-;-;-;-;-;-;-;-;-;
ENABLE_FEATURE_VOLUMEID_ISO9660;-;-;X;X;-;-;-;X;X;X;-;-;X;-;-;X;-;X;-;-;-;-;-;-;-;-;-;-;-;-;
ENABLE_FEATURE_INETD_SUPPORT_BUILTIN_TIME;-;X;-;-;-;X;X;X;-;X;-;-;-;X;-;X;X;-;X;-;-;-;-;-;-;-;-;-;-;-;
ENABLE_FEATURE_NETSTAT_PRG;-;-;X;X;X;-;-;-;-;X;X;-;X;-;-;-;X;-;X;X;-;X;X;-;-;-;-;-;-;-;
ENABLE_FEATURE_INIT_SCTTY;-;X;X;-;-;-;X;-;X;X;-;-;-;X;X;X;-;X;-;-;-;-;-;-;-;-;-;-;-;-;
ENABLE_ASH_GETOPTS;-;-;X;-;X;X;-;-;X;X;-;X;X;-;-;-;-;X;X;-;X;-;-;-;-;-;-;-;-;-;
ENABLE_FEATURE_SHADOWPASSWDS;-;X;-;X;X;-;X;-;-;X;-;X;X;-;X;X;X;X;-;X;-;-;-;-;-;-;-;-;-;-;
ENABLE_FEATURE_PS_WIDE;-;-;-;X;X;-;X;X;-;X;-;X;X;X;-;-;-;-;-;-;-;-;X;-;-;-;-;-;-;-;
ENABLE_ASH_CMDCMD;-;-;-;X;X;X;-;-;X;-;-;X;X;-;-;-;X;X;-;-;X;-;-;-;-;-;-;-;-;-;
ENABLE_FEATURE_FIND_XDEV;-;X;-;X;X;X;-;-;-;-;X;X;-;X;X;-;-;-;X;-;X;-;-;-;-;-;-;-;-;-;
ENABLE_FEATURE_ADDUSER_TO_GROUP;-;X;X;-;X;X;-;X;-;-;-;-;-;X;-;-;X;X;-;-;-;-;-;-;-;-;-;-;-;-;
ENABLE_FEATURE_TASKSET_FANCY;-;X;-;X;-;-;X;-;-;X;X;-;-;-;X;X;X;-;-;-;-;-;-;-;-;-;-;-;-;-;
ENABLE_TASKSET;-;X;-;X;X;-;X;-;-;X;X;-;X;-;X;X;X;-;-;-;-;-;-;-;-;-;-;-;-;-;
ENABLE_HUSH_MODE_X;-;X;-;X;X;-;-;X;-;-;-;-;X;-;X;X;X;-;X;-;-;-;-;-;-;-;-;-;-;-;
ENABLE_IPLINK;-;X;-;-;-;-;X;-;X;-;X;X;X;-;-;-;X;-;X;X;-;-;-;X;-;-;-;-;-;-;
ENABLE_LOADKMAP;-;X;-;X;-;-;X;-;X;-;X;X;-;X;-;X;-;-;X;-;-;-;-;-;-;-;-;-;-;-;
ENABLE_FEATURE_GREP_FGREP_ALIAS;-;X;X;-;-;-;X;X;-;-;X;X;-;-;-;X;X;-;-;-;-;-;-;-;-;-;-;-;-;-;
ENABLE_FEATURE_REFORMIME_COMPAT;-;-;X;X;-;X;X;-;-;X;-;-;-;-;X;X;-;X;X;X;-;-;-;-;-;-;-;-;-;-;
ENABLE_REFORMIME;-;-;X;X;-;X;X;X;-;X;-;X;-;-;X;X;-;X;X;X;-;-;-;-;-;-;-;-;-;-;
ENABLE_FEATURE_TUNCTL_UG;-;X;-;X;X;-;-;-;X;-;X;-;-;X;-;-;X;-;X;X;-;-;-;-;-;-;-;-;-;-;
ENABLE_FEATURE_POPMAILDIR_DELIVERY;-;X;X;-;-;-;X;X;-;X;-;X;-;-;-;X;X;-;-;-;-;-;-;-;-;-;-;-;-;-;
ENABLE_POPMAILDIR;-;X;X;-;X;-;X;X;-;X;-;X;-;-;-;X;X;-;-;-;-;-;-;-;-;-;-;-;-;-;
ENABLE_FEATURE_HTTPD_ERROR_PAGES;-;X;-;-;X;X;-;-;-;X;X;X;-;-;-;X;X;-;-;-;-;-;-;-;-;-;X;-;-;-;
ENABLE_FEATURE_TAR_UNAME_GNAME;-;X;X;-;X;-;X;X;-;X;-;-;-;X;X;-;-;-;-;X;-;-;-;-;-;-;-;-;-;-;
ENABLE_FEATURE_MDEV_RENAME_REGEXP;-;X;X;-;-;X;-;-;X;-;X;-;-;-;-;X;X;-;X;-;-;-;X;X;-;-;-;-;-;-;
ENABLE_FEATURE_MOUNT_NFS;-;X;X;X;-;X;-;-;-;X;-;-;-;X;-;X;-;X;-;X;-;-;-;-;-;-;-;-;-;-;
ENABLE_FEATURE_CHAT_NOFAIL;-;X;-;X;X;-;-;-;X;X;-;X;X;X;-;X;-;-;-;-;X;-;-;-;-;-;-;-;-;-;
ENABLE_FEATURE_TRACEROUTE_SOURCE_ROUTE;-;-;X;X;X;-;-;-;X;-;-;X;-;X;-;X;X;-;X;X;-;-;-;-;-;-;-;-;-;-;
ENABLE_HUSH_LOCAL;-;X;-;X;X;-;-;-;X;X;-;-;-;-;X;-;X;-;-;-;-;-;X;-;X;-;-;-;-;-;
ENABLE_FEATURE_FIND_TYPE;-;X;X;-;-;X;X;-;X;-;-;X;-;-;X;-;-;-;-;-;-;-;-;-;-;-;-;-;-;-;
ENABLE_FEATURE_LESS_REGEXP;-;-;X;X;-;X;-;X;-;-;X;X;X;-;-;X;-;-;-;-;-;-;-;-;-;-;-;-;-;-;
ENABLE_FEATURE_SECURETTY;-;X;-;-;X;X;-;-;-;X;X;X;X;-;-;-;X;X;-;X;X;-;-;-;-;-;-;-;-;-;
ENABLE_FEATURE_MTAB_SUPPORT;-;X;-;X;X;-;X;-;-;X;X;X;-;-;-;X;X;-;-;-;-;-;-;-;-;-;-;-;-;-;
ENABLE_FEATURE_IFCONFIG_STATUS;-;-;X;X;-;-;X;-;-;-;X;X;X;-;-;X;-;X;-;-;-;X;-;-;-;-;-;-;-;-;
ENABLE_HUSH_TICK;-;X;-;X;X;X;-;-;-;X;-;-;X;-;X;-;-;-;X;-;-;-;-;-;-;-;-;-;-;-;
ENABLE_FEATURE_UDHCP_PORT;-;X;-;X;-;X;X;-;X;X;-;-;-;-;-;X;-;-;-;X;-;-;-;-;-;-;-;-;-;-;
ENABLE_FEATURE_FIND_INUM;-;-;X;X;-;X;X;-;X;-;X;-;-;X;X;-;-;-;-;-;-;-;-;-;-;-;-;-;-;-;
ENABLE_FEATURE_COMPRESS_BBCONFIG;-;X;-;X;-;X;-;X;-;-;X;-;X;-;-;X;-;X;-;-;-;-;-;-;-;-;-;-;-;-;
ENABLE_BBCONFIG;-;X;X;X;-;X;-;X;-;-;X;-;X;-;-;X;-;X;-;-;-;-;-;-;-;-;-;-;-;-;
ENABLE_FEATURE_COMPRESS_USAGE;-;-;X;X;-;-;-;X;-;X;X;X;-;-;X;-;X;-;-;X;-;X;-;-;-;-;-;-;-;-;
ENABLE_FEATURE_FIND_NOT;-;-;X;X;X;-;X;-;-;X;X;-;-;-;X;-;-;X;X;-;-;X;-;-;-;-;-;-;-;-;
ENABLE_HUSH_CASE;-;-;X;X;-;X;-;-;-;X;X;-;X;-;X;-;X;-;X;X;-;-;-;-;-;-;-;-;-;-;
ENABLE_FEATURE_INETD_SUPPORT_BUILTIN_ECHO;-;X;-;-;X;-;X;X;-;X;-;-;-;X;-;X;X;-;X;-;-;-;-;-;-;-;-;-;-;-;
ENABLE_FEATURE_VOLUMEID_JFS;-;X;X;-;X;-;-;X;-;X;-;-;-;-;X;X;-;X;-;-;-;X;-;-;-;-;-;-;-;-;
ENABLE_LOAD_POLICY;-;-;X;X;X;-;-;-;-;-;X;X;X;X;-;X;-;-;-;-;-;-;-;-;-;-;-;-;-;-;
ENABLE_FEATURE_MOUNT_FLAGS;-;-;X;X;-;X;-;-;-;X;X;-;X;X;-;-;-;-;-;X;-;X;-;-;-;-;-;-;X;-;
ENABLE_XZ;-;-;X;-;X;X;-;-;X;X;-;X;X;-;-;X;-;-;-;X;X;-;-;-;-;-;-;-;-;-;
ENABLE_UNXZ;-;X;X;-;X;X;-;-;X;X;-;X;X;-;-;X;-;-;-;X;X;-;-;-;-;-;-;-;-;-;
ENABLE_FEATURE_FIND_SIZE;-;X;X;-;X;-;X;-;X;X;-;X;-;X;X;-;-;-;-;-;-;-;-;-;-;-;-;-;-;-;
ENABLE_FEATURE_VI_SET;-;-;X;X;X;-;-;X;-;-;-;X;-;-;X;X;X;-;-;X;-;-;-;-;-;-;-;-;-;-;
ENABLE_HUSH_BRACE_EXPANSION;-;X;-;X;-;X;-;-;X;X;-;-;X;-;X;X;-;-;X;-;-;-;-;-;-;-;-;-;-;-;
ENABLE_FEATURE_KILL_REMOVED;-;X;X;-;-;-;X;-;X;-;X;-;-;X;X;-;-;X;-;X;-;-;-;-;-;-;-;-;-;-;
ENABLE_ZCIP;-;-;X;X;-;X;X;-;X;-;-;X;X;-;-;X;-;-;-;-;-;-;-;-;-;-;-;-;-;-;
ENABLE_FEATURE_WGET_TIMEOUT;-;X;-;X;X;-;-;-;X;-;-;X;X;-;X;X;X;-;-;-;-;-;-;-;-;-;-;-;-;-;
ENABLE_HUSH_EXPORT_N;-;X;-;X;X;-;-;X;-;X;-;-;X;-;-;X;X;-;X;-;-;-;-;-;-;-;-;-;-;-;
ENABLE_FEATURE_GREP_EGREP_ALIAS;-;X;X;-;-;-;-;X;-;-;X;X;-;-;X;X;X;-;-;-;-;-;-;-;-;-;-;-;-;-;
ENABLE_FEATURE_TAR_FROM;-;X;-;X;X;-;X;X;-;-;X;-;-;-;-;X;-;-;-;X;X;-;-;-;-;X;-;-;-;-;
ENABLE_FEATURE_PRESERVE_HARDLINKS;-;X;-;X;-;-;X;-;-;X;X;-;-;-;X;-;X;X;-;-;-;X;-;-;-;-;-;-;-;-;
ENABLE_FEATURE_FIND_MTIME;-;-;X;-;X;X;-;-;X;-;X;-;-;X;X;-;-;-;-;-;-;-;-;-;-;-;-;-;-;-;
ENABLE_FEATURE_VOLUMEID_UDF;-;-;X;X;X;-;-;X;X;X;-;-;-;-;X;-;-;X;-;-;-;-;-;-;-;-;-;-;-;-;
ENABLE_FEATURE_GETOPT_LONG;-;-;-;X;X;-;-;X;X;X;-;X;-;X;-;-;X;-;-;-;-;-;-;-;-;-;-;-;-;-;
ENABLE_GETOPT;-;X;-;X;X;-;-;X;X;X;-;X;-;X;-;-;X;-;-;-;-;-;-;-;-;-;-;-;-;-;
ENABLE_FEATURE_PIDOF_OMIT;-;-;X;-;X;-;X;-;-;X;-;-;X;X;X;X;X;-;-;-;-;-;-;-;-;-;-;-;-;-;
ENABLE_FEATURE_MKSWAP_UUID;-;X;-;X;-;X;X;-;-;-;-;X;X;X;-;-;X;-;-;-;X;-;-;-;-;-;-;-;-;-;
ENABLE_MKSWAP;-;X;-;X;-;X;X;X;-;-;-;X;X;X;-;-;X;-;-;-;X;-;-;-;-;-;-;-;-;-;
ENABLE_NANDWRITE;-;X;-;X;X;X;X;-;-;-;X;-;X;-;-;X;X;-;X;-;-;-;-;X;-;-;-;-;-;-;
ENABLE_FEATURE_IP_RARE_PROTOCOLS;-;X;-;-;X;X;-;-;X;-;X;X;X;-;-;-;X;X;-;X;-;-;-;-;-;-;-;-;-;-;
